playerid,name,team,age,g,gs,ip,era,whip,so,bb,bf,sv,hld,hr,k_percent,bb_percent,ev_against,hard_hit_percent,fip,x_fip,xfip,siera,sw_str_percent,f_bv
657277,Logan Webb,,28,34,34,207.0,3.22,1.24,224,46,856,0,0,14,0.2616822429906542,0.053738317757009345,89.7,8.3,,,,,,
676979,Garrett Crochet,,26,32,32,205.1,2.59,1.03,255,46,814,0,0,24,0.3132678132678133,0.056511056511056514,87.7,7.3,,,,,,
650911,Cristopher Sánchez,,28,32,32,202.0,2.5,1.06,212,44,807,0,0,12,0.26270136307311026,0.05452292441140025,89.0,5.7,,,,,,
608331,Max Fried,,31,32,32,195.1,2.86,1.1,189,51,801,0,0,14,0.23595505617977527,0.06367041198501873,87.2,6.9,,,,,,
607074,Carlos Rodón,,32,33,33,195.1,3.09,1.05,203,73,789,0,0,22,0.2572877059569075,0.09252217997465145,88.6,7.5,,,,,,
669373,Tarik Skubal,,28,31,31,195.1,2.21,0.89,241,33,748,0,0,18,0.32219251336898397,0.04411764705882353,86.1,8.1,,,,,,
592332,Kevin Gausman,,34,32,32,193.0,3.59,1.06,189,50,775,0,0,21,0.24387096774193548,0.06451612903225806,89.3,8.5,,,,,,
668678,Zac Gallen,,29,33,33,192.0,4.83,1.26,175,66,813,0,0,31,0.21525215252152521,0.08118081180811808,90.1,9.7,,,,,,
664285,Framber Valdez,,31,31,31,192.0,3.66,1.24,187,68,802,0,0,15,0.23316708229426433,0.08478802992518704,90.8,6.7,,,,,,
694973,Paul Skenes,,23,32,32,187.2,1.97,0.95,216,42,733,0,0,11,0.2946793997271487,0.0572987721691678,87.6,5.8,,,,,,
641793,Zack Littell,,29,32,32,186.2,3.81,1.1,130,32,759,0,0,36,0.1712779973649539,0.04216073781291173,90.2,9.9,,,,,,
693433,Bryan Woo,,25,30,30,186.2,2.94,0.93,198,36,731,0,0,26,0.2708618331053352,0.049247606019151846,89.1,9.1,,,,,,
686613,Hunter Brown,,26,31,31,185.1,2.43,1.03,206,57,729,0,0,17,0.2825788751714678,0.07818930041152264,86.1,5.9,,,,,,
518876,Merrill Kelly,,36,32,32,184.0,3.52,1.11,167,48,748,0,0,23,0.2232620320855615,0.06417112299465241,90.2,9.2,,,,,,
666200,Jesús Luzardo,,27,32,32,183.2,3.92,1.22,216,57,758,0,0,16,0.2849604221635884,0.07519788918205805,88.5,6.6,,,,,,
676440,Tanner Bibee,,26,31,31,182.1,4.24,1.23,162,54,762,0,0,27,0.2125984251968504,0.07086614173228346,88.5,8.0,,,,,,
592662,Robbie Ray,,33,32,32,182.1,3.65,1.21,186,73,755,0,0,22,0.24635761589403973,0.09668874172185431,91.0,9.6,,,,,,
601713,Nick Pivetta,,32,31,31,181.2,2.87,0.99,190,50,721,0,0,22,0.2635228848821082,0.06934812760055478,90.3,10.9,,,,,,
622491,Luis Castillo,,32,32,32,180.2,3.54,1.18,162,46,745,0,0,23,0.2174496644295302,0.06174496644295302,90.3,10.4,,,,,,
543243,Sonny Gray,,35,32,32,180.2,4.28,1.23,201,38,753,0,0,25,0.26693227091633465,0.05046480743691899,88.9,9.8,,,,,,
663623,Jake Irvin,,28,33,33,180.0,5.7,1.43,124,62,787,0,0,38,0.15756035578144853,0.07878017789072427,90.4,11.9,,,,,,
571510,Matthew Boyd,,34,31,31,179.2,3.21,1.09,154,42,718,0,0,19,0.21448467966573817,0.0584958217270195,88.5,9.0,,,,,,
579328,Yusei Kikuchi,,34,33,33,178.1,3.99,1.42,174,74,772,0,0,24,0.22538860103626943,0.09585492227979274,91.0,9.4,,,,,,
642547,Freddy Peralta,,29,33,33,176.2,2.7,1.08,204,66,723,0,0,21,0.2821576763485477,0.0912863070539419,88.0,9.3,,,,,,
694297,Brandon Pfaadt,,26,33,33,176.2,5.25,1.33,147,37,767,0,0,26,0.19165580182529335,0.048239895697522815,90.8,10.9,,,,,,
656605,Mitch Keller,,29,32,32,176.1,4.19,1.26,150,51,749,0,0,21,0.20026702269692923,0.06809078771695594,90.1,7.8,,,,,,
645261,Sandy Alcantara,,29,31,31,174.2,5.36,1.27,142,57,745,0,0,22,0.1906040268456376,0.07651006711409396,90.7,8.6,,,,,,
808967,Yoshinobu Yamamoto,,26,30,30,173.2,2.49,0.99,201,59,684,0,0,14,0.29385964912280704,0.08625730994152046,88.3,5.7,,,,,,
608379,Michael Wacha,,33,31,31,172.2,3.86,1.22,126,45,716,0,0,15,0.17597765363128492,0.06284916201117319,87.5,7.4,,,,,,
594798,Jacob deGrom,,37,30,30,172.2,2.97,0.92,185,37,669,0,0,26,0.2765321375186846,0.05530642750373692,90.1,9.2,,,,,,
665152,Dean Kremer,,29,31,29,171.2,4.19,1.21,142,45,708,0,0,22,0.20056497175141244,0.0635593220338983,88.1,8.5,,,,,,
657746,Joe Ryan,,29,31,30,171.0,3.42,1.04,194,39,689,0,0,26,0.28156748911465895,0.05660377358490566,90.2,11.5,,,,,,
605488,Jeffrey Springs,,32,32,30,171.0,4.11,1.21,138,54,713,0,0,28,0.1935483870967742,0.07573632538569425,88.3,8.1,,,,,,
605135,Chris Bassitt,,36,32,31,170.1,3.96,1.33,166,52,736,0,0,22,0.22554347826086957,0.07065217391304347,87.7,8.5,,,,,,
663903,Brady Singer,,28,32,32,169.2,4.03,1.24,163,60,716,0,0,19,0.2276536312849162,0.08379888268156424,90.3,9.4,,,,,,
667755,José Soriano,,26,31,31,169.0,4.26,1.4,152,78,724,0,0,12,0.20994475138121546,0.10773480662983426,91.4,7.2,,,,,,
656849,David Peterson,,29,30,30,168.2,4.22,1.37,150,65,723,0,0,11,0.2074688796680498,0.08990318118948824,90.6,6.4,,,,,,
656302,Dylan Cease,,29,32,32,168.0,4.55,1.33,215,71,722,0,0,21,0.29778393351800553,0.09833795013850416,88.9,8.6,,,,,,
686752,Ryan Pepiot,,27,31,31,167.2,3.86,1.16,167,61,679,0,0,26,0.24594992636229748,0.0898379970544919,90.1,9.7,,,,,,
668909,Gavin Williams,,25,31,31,167.2,3.06,1.27,173,83,704,0,0,23,0.24573863636363635,0.11789772727272728,90.4,9.0,,,,,,
678394,Brayan Bello,,26,29,28,166.2,3.35,1.24,124,59,700,0,0,16,0.17714285714285713,0.08428571428571428,88.8,7.1,,,,,,
671096,Andrew Abbott,,26,29,29,166.1,2.87,1.15,149,43,684,0,0,19,0.21783625730994152,0.06286549707602339,87.8,8.0,,,,,,
669358,Shane Baz,,26,31,31,166.1,4.87,1.33,176,64,711,0,0,26,0.24753867791842477,0.090014064697609,89.0,9.5,,,,,,
621244,José Berríos,,31,31,30,166.0,4.17,1.3,138,56,698,0,0,26,0.1977077363896848,0.08022922636103152,90.3,11.3,,,,,,
605280,Clay Holmes,,32,33,31,165.2,3.53,1.3,129,66,708,0,0,14,0.18220338983050846,0.09322033898305085,89.7,6.8,,,,,,
607259,Nick Martinez,,34,40,26,165.2,4.45,1.21,116,42,683,0,5,22,0.1698389458272328,0.06149341142020498,88.3,6.9,,,,,,
543294,Kyle Hendricks,,35,31,31,164.2,4.76,1.28,114,43,695,0,0,25,0.16402877697841728,0.0618705035971223,86.1,8.3,,,,,,
680730,Mitchell Parker,,25,33,30,164.2,5.68,1.43,103,58,725,1,0,25,0.14206896551724138,0.08,92.3,9.6,,,,,,
607536,Kyle Freeland,,32,31,31,162.2,4.98,1.42,124,38,709,0,0,22,0.17489421720733428,0.0535966149506347,91.1,9.4,,,,,,
669467,Andre Pallante,,26,31,31,162.2,5.31,1.44,111,62,715,0,0,21,0.15524475524475526,0.08671328671328671,89.2,6.5,,,,,,
622663,Luis Severino,,31,29,29,162.2,4.54,1.3,124,50,705,0,0,16,0.17588652482269504,0.07092198581560284,88.3,6.0,,,,,,
701542,Will Warren,,26,33,33,162.1,4.44,1.37,171,65,711,0,0,22,0.24050632911392406,0.09142053445850915,91.0,10.9,,,,,,
656427,Jack Flaherty,,29,31,31,161.0,4.64,1.28,188,59,681,0,0,23,0.27606461086637296,0.08663729809104258,89.7,10.3,,,,,,
669022,MacKenzie Gore,,26,30,30,159.2,4.17,1.35,185,64,680,0,0,20,0.27205882352941174,0.09411764705882353,90.4,10.6,,,,,,
607067,Colin Rea,,34,32,27,159.1,3.95,1.25,127,44,662,1,0,20,0.19184290030211482,0.06646525679758308,89.8,10.3,,,,,,
663978,Chris Paddack,,29,33,28,158.0,5.35,1.28,112,37,670,1,0,31,0.16716417910447762,0.05522388059701493,90.7,10.2,,,,,,
682990,Quinn Priester,,24,29,24,157.1,3.32,1.24,132,50,653,0,0,18,0.20214395099540583,0.07656967840735068,89.0,7.3,,,,,,
624133,Ranger Suarez,,29,26,26,157.1,3.2,1.22,151,38,651,0,0,14,0.23195084485407066,0.05837173579109063,86.5,5.5,,,,,,
608372,Tomoyuki Sugano,,35,30,30,157.0,4.64,1.33,106,36,675,0,0,33,0.15703703703703703,0.05333333333333334,90.0,11.8,,,,,,
671106,Logan Allen,,26,30,29,156.2,4.25,1.4,122,62,676,0,0,18,0.1804733727810651,0.09171597633136094,88.6,9.1,,,,,,
666157,Nick Lodolo,,27,29,28,156.2,3.33,1.08,156,31,642,0,0,22,0.24299065420560748,0.048286604361370715,88.8,8.1,,,,,,
693821,Bryce Elder,,26,28,28,156.1,5.3,1.39,131,51,679,0,0,24,0.19293078055964655,0.07511045655375552,90.0,7.7,,,,,,
571945,Miles Mikolas,,36,31,31,156.1,4.84,1.32,100,37,669,0,0,29,0.14947683109118087,0.05530642750373692,89.3,12.7,,,,,,
571578,Patrick Corbin,,35,31,30,155.1,4.4,1.36,131,51,663,0,0,21,0.1975867269984917,0.07692307692307693,89.2,8.4,,,,,,
593958,Eduardo Rodriguez,,32,29,29,154.1,5.02,1.54,143,60,694,0,0,25,0.20605187319884727,0.08645533141210375,88.2,8.2,,,,,,
669194,Ryne Nelson,,27,33,23,154.0,3.39,1.07,132,41,619,1,1,17,0.21324717285945072,0.06623586429725363,91.4,7.5,,,,,,
434378,Justin Verlander,,42,29,29,152.0,3.85,1.36,137,52,662,0,0,16,0.20694864048338368,0.07854984894259819,88.6,8.1,,,,,,
683004,Jack Leiter,,25,29,29,151.2,3.86,1.28,148,67,646,0,0,18,0.22910216718266255,0.10371517027863777,90.5,10.8,,,,,,
669461,Matthew Liberatore,,25,29,29,151.2,4.21,1.31,122,40,648,0,0,19,0.1882716049382716,0.06172839506172839,90.6,10.6,,,,,,
656876,Drew Rasmussen,,29,31,31,150.0,2.76,1.02,127,37,585,0,0,18,0.2170940170940171,0.06324786324786325,90.6,6.3,,,,,,
554430,Zack Wheeler,,35,24,24,149.2,2.71,0.94,195,33,585,0,0,19,0.3333333333333333,0.05641025641025641,87.4,7.2,,,,,,
663554,Casey Mize,,28,28,28,149.0,3.87,1.27,139,36,627,0,0,21,0.22169059011164274,0.05741626794258373,90.0,9.1,,,,,,
641927,Bailey Ober,,29,27,27,146.1,5.1,1.3,120,31,624,0,0,30,0.19230769230769232,0.049679487179487176,89.6,10.9,,,,,,
681343,Shane Smith,,25,29,29,146.1,3.81,1.2,145,58,616,0,0,17,0.2353896103896104,0.09415584415584416,90.3,6.7,,,,,,
607625,Seth Lugo,,35,26,26,145.1,4.15,1.29,125,55,611,0,0,27,0.20458265139116202,0.09001636661211129,90.7,11.1,,,,,,
608337,Lucas Giolito,,30,26,26,145.0,3.41,1.29,121,56,613,0,0,17,0.19738988580750408,0.09135399673735727,90.3,9.0,,,,,,
684007,Shota Imanaga,,31,25,25,144.2,3.73,0.99,117,26,567,0,0,31,0.20634920634920634,0.04585537918871252,90.7,11.6,,,,,,
671737,Taj Bradley,,24,27,27,142.2,5.05,1.31,127,56,605,0,0,19,0.20991735537190082,0.09256198347107437,89.2,7.2,,,,,,
663436,Davis Martin,,28,26,25,142.2,4.1,1.29,104,48,601,0,0,20,0.17304492512479203,0.07986688851913477,90.7,9.7,,,,,,
450203,Charlie Morton,,41,33,27,142.0,5.83,1.58,149,72,654,0,0,23,0.22782874617737003,0.11009174311926606,91.2,8.6,,,,,,
547179,Michael Lorenzen,,33,27,26,141.2,4.64,1.33,127,39,606,0,1,25,0.20957095709570958,0.06435643564356436,89.3,8.8,,,,,,
607200,Erick Fedde,,32,32,24,141.0,5.49,1.52,83,67,623,0,1,19,0.1332263242375602,0.10754414125200643,90.2,7.9,,,,,,
702070,Noah Cameron,,25,24,24,138.1,2.99,1.1,114,43,556,0,0,18,0.20503597122302158,0.07733812949640288,87.9,6.3,,,,,,
665795,Edward Cabrera,,27,26,26,137.2,3.53,1.23,150,48,581,0,0,17,0.25817555938037867,0.08261617900172118,90.3,8.6,,,,,,
542881,Tyler Anderson,,35,26,26,136.1,4.56,1.41,104,57,599,0,0,28,0.17362270450751252,0.09515859766277128,88.0,11.0,,,,,,
676664,JP Sears,,29,27,27,135.2,5.04,1.32,117,36,583,0,0,30,0.2006861063464837,0.06174957118353345,89.2,9.4,,,,,,
680732,Sean Burke,,25,28,22,134.1,4.22,1.44,133,63,596,0,0,23,0.2231543624161074,0.10570469798657718,89.6,10.4,,,,,,
681190,Randy Vásquez,,26,28,26,133.2,3.84,1.32,78,52,570,0,0,16,0.1368421052631579,0.0912280701754386,89.1,10.9,,,,,,
669160,Dustin May,,27,25,23,132.1,4.96,1.42,123,56,584,0,0,21,0.2106164383561644,0.0958904109589041,90.6,9.2,,,,,,
677944,Slade Cecconi,,26,23,23,132.0,4.3,1.19,109,32,545,0,0,24,0.2,0.05871559633027523,91.7,12.2,,,,,,
500779,Jose Quintana,,36,24,24,131.2,3.96,1.29,89,50,556,0,0,18,0.16007194244604317,0.08992805755395683,88.7,9.7,,,,,,
669302,Logan Gilbert,,28,25,25,131.0,3.44,1.03,173,31,535,0,0,20,0.3233644859813084,0.05794392523364486,90.8,8.6,,,,,,
695418,Brad Lord,,25,48,19,130.2,4.34,1.29,108,43,546,0,7,17,0.1978021978021978,0.07875457875457875,88.5,7.1,,,,,,
543135,Nathan Eovaldi,,35,22,22,130.0,1.73,0.85,129,21,496,0,0,10,0.2600806451612903,0.04233870967741935,88.6,7.4,,,,,,
622608,Antonio Senzatela,,30,30,23,130.0,6.65,1.84,73,47,618,0,0,22,0.11812297734627832,0.07605177993527508,90.9,9.2,,,,,,
592791,Jameson Taillon,,33,23,23,129.2,3.68,1.06,98,27,519,0,0,24,0.18882466281310212,0.05202312138728324,88.3,8.1,,,,,,
608566,Germán Márquez,,30,26,26,126.1,6.7,1.71,83,48,591,0,0,23,0.1404399323181049,0.08121827411167512,91.7,11.1,,,,,,
621111,Walker Buehler,,30,26,24,126.0,4.93,1.52,92,61,565,0,0,22,0.16283185840707964,0.1079646017699115,87.9,9.5,,,,,,
669923,George Kirby,,27,23,23,126.0,4.21,1.19,137,29,524,0,0,15,0.26145038167938933,0.05534351145038168,90.6,8.5,,,,,,
519242,Chris Sale,,36,21,20,125.2,2.58,1.07,165,32,510,0,0,11,0.3235294117647059,0.06274509803921569,87.2,6.3,,,,,,
663559,Bailey Falter,,28,26,24,125.1,4.45,1.28,81,46,518,0,0,19,0.15637065637065636,0.0888030888030888,90.5,9.5,,,,,,
675911,Spencer Strider,,26,23,23,125.1,4.45,1.4,131,51,539,0,0,20,0.24304267161410018,0.09461966604823747,91.3,10.6,,,,,,
605288,Adrian Houser,,32,21,21,125.0,3.31,1.28,92,38,518,0,0,10,0.1776061776061776,0.07335907335907337,90.2,6.1,,,,,,
592836,Taijuan Walker,,32,34,21,123.2,4.08,1.41,86,42,538,1,2,21,0.15985130111524162,0.07806691449814127,89.6,7.4,,,,,,
571760,Andrew Heaney,,34,27,23,122.1,5.52,1.38,86,40,536,0,0,25,0.16044776119402984,0.07462686567164178,90.2,10.2,,,,,,
694477,Chad Patrick,,26,27,23,119.2,3.53,1.28,127,40,503,0,1,13,0.2524850894632207,0.07952286282306163,89.4,8.1,,,,,,
690990,Cade Horton,,23,23,22,118.0,2.67,1.08,97,33,476,0,0,10,0.20378151260504201,0.06932773109243698,89.7,10.0,,,,,,
615698,Cal Quantrill,,30,26,26,117.2,6.04,1.45,85,35,513,0,0,22,0.16569200779727095,0.0682261208576998,90.4,12.4,,,,,,
663460,Kris Bubic,,27,20,20,116.1,2.55,1.18,116,39,476,0,0,6,0.24369747899159663,0.0819327731092437,87.6,6.6,,,,,,
656550,Grant Holmes,,29,22,21,115.0,3.99,1.34,123,54,492,0,0,16,0.25,0.10975609756097561,90.1,10.1,,,,,,
673540,Kodai Senga,,32,22,22,113.1,3.02,1.31,109,55,482,0,0,12,0.22614107883817428,0.11410788381742738,88.9,8.0,,,,,,
477132,Clayton Kershaw,,37,23,22,112.2,3.36,1.22,84,35,463,0,0,8,0.18142548596112312,0.0755939524838013,89.7,4.1,,,,,,
663568,Stephen Kolek,,28,19,19,112.2,3.51,1.14,77,31,461,0,0,9,0.16702819956616052,0.06724511930585683,91.1,6.1,,,,,,
700249,Cade Povich,,25,22,20,112.1,5.21,1.5,118,43,488,0,0,17,0.24180327868852458,0.08811475409836066,91.2,11.3,,,,,,
680573,Simeon Woods Richardson,,24,23,22,111.1,4.04,1.28,107,46,471,0,0,17,0.22717622080679406,0.09766454352441614,90.2,11.4,,,,,,
686799,Jack Kochanowicz,,24,23,23,111.0,6.81,1.75,72,58,512,0,0,21,0.140625,0.11328125,92.1,9.3,,,,,,
680885,Spencer Schwellenbach,,25,17,17,110.2,3.09,0.97,108,18,434,0,0,13,0.2488479262672811,0.041474654377880185,88.8,7.5,,,,,,
676083,Janson Junk,,29,21,16,110.0,4.17,1.14,77,13,447,1,0,8,0.17225950782997762,0.029082774049217,91.6,8.5,,,,,,
669432,Trevor Rogers,,27,18,18,109.2,1.81,0.9,103,29,423,0,0,6,0.24349881796690306,0.06855791962174941,89.7,7.6,,,,,,
668881,Hunter Greene,,25,19,19,107.2,2.76,0.94,132,26,420,0,0,15,0.3142857142857143,0.06190476190476191,90.4,9.6,,,,,,
694738,Landen Roupp,,26,22,22,106.2,3.8,1.48,102,45,476,0,0,11,0.21428571428571427,0.09453781512605042,88.4,8.9,,,,,,
676962,Ben Brown,,25,25,15,106.1,5.92,1.44,121,32,472,1,1,18,0.2563559322033898,0.06779661016949153,92.4,11.4,,,,,,
641778,Eric Lauer,,30,28,15,104.2,3.18,1.11,102,26,426,0,1,15,0.23943661971830985,0.06103286384976526,90.6,8.1,,,,,,
686563,Jonathan Cannon,,24,22,17,103.2,5.82,1.49,86,38,466,0,0,19,0.18454935622317598,0.0815450643776824,90.3,10.7,,,,,,
650644,Aaron Civale,,30,23,18,102.0,4.85,1.26,88,33,435,1,0,16,0.20229885057471264,0.07586206896551724,88.5,9.8,,,,,,
687473,Ryan Gusto,,26,27,17,101.2,5.67,1.48,97,36,453,0,0,17,0.2141280353200883,0.07947019867549669,90.6,9.5,,,,,,
678024,Mike Vasil,,25,47,3,101.0,2.5,1.25,82,52,423,4,3,8,0.1938534278959811,0.12293144208037825,89.3,7.1,,,,,,
669387,Carmen Mlodzinski,,26,34,12,99.0,3.55,1.3,89,27,419,0,3,8,0.21241050119331742,0.06443914081145585,90.2,6.0,,,,,,
801403,Chase Dollander,,23,21,21,98.0,6.52,1.55,82,49,441,0,0,18,0.18594104308390022,0.1111111111111111,88.7,11.5,,,,,,
666214,Joey Wentz,,27,39,13,98.0,5.6,1.56,92,43,442,0,0,11,0.2081447963800905,0.09728506787330317,90.5,9.5,,,,,,
641302,Tyler Alexander,,30,52,5,97.2,4.98,1.4,82,30,423,1,4,9,0.1938534278959811,0.07092198581560284,88.5,5.8,,,,,,
681347,Mike Burrows,,25,23,19,96.0,3.94,1.24,97,31,402,0,1,13,0.24129353233830847,0.07711442786069651,89.2,10.8,,,,,,
700241,Michael McGreevy,,24,17,16,95.2,4.42,1.25,58,20,400,0,0,12,0.145,0.05,90.5,8.8,,,,,,
676282,Joey Cantillo,,25,34,13,95.1,3.21,1.26,108,42,401,1,1,10,0.26932668329177056,0.10473815461346633,89.5,7.2,,,,,,
691587,Eury Pérez,,22,20,20,95.1,4.25,1.05,105,32,385,0,0,12,0.2727272727272727,0.08311688311688312,90.5,9.0,,,,,,
605400,Aaron Nola,,32,17,17,94.1,6.01,1.35,97,28,404,0,0,18,0.2400990099009901,0.06930693069306931,89.4,9.1,,,,,,
682052,Jacob Lopez,,27,21,17,92.2,4.08,1.27,113,37,399,0,0,15,0.2832080200501253,0.09273182957393483,86.9,6.6,,,,,,
656794,Sean Newcomb,,32,48,5,92.1,2.73,1.35,91,31,391,2,4,5,0.23273657289002558,0.0792838874680307,88.9,5.7,,,,,,
672456,Keider Montero,,24,20,12,90.2,4.37,1.39,72,31,389,0,0,16,0.18508997429305912,0.07969151670951156,89.1,8.1,,,,,,
669372,J.T. Ginn,,26,23,16,90.1,5.08,1.36,99,31,392,0,1,17,0.25255102040816324,0.07908163265306123,88.4,9.8,,,,,,
607192,Tyler Glasnow,,31,18,18,90.1,3.19,1.1,106,43,366,0,0,10,0.2896174863387978,0.11748633879781421,88.2,7.9,,,,,,
682243,Bryce Miller,,26,18,18,90.1,5.68,1.41,74,34,392,0,0,17,0.18877551020408162,0.08673469387755102,92.4,9.3,,,,,,
676106,Emerson Hancock,,26,22,16,90.0,4.9,1.38,64,31,385,0,0,15,0.16623376623376623,0.08051948051948052,89.0,7.7,,,,,,
647336,Michael Soroka,,27,22,17,89.2,4.52,1.13,95,29,379,0,1,12,0.25065963060686014,0.07651715039577836,89.2,6.7,,,,,,
682847,Luis Ortiz,,26,16,16,88.2,4.36,1.38,96,42,382,0,0,12,0.2513089005235602,0.1099476439790576,91.8,10.3,,,,,,
681517,Kyle Leahy,,28,62,1,88.0,3.07,1.23,80,28,363,1,18,5,0.22038567493112948,0.07713498622589532,89.1,9.8,,,,,,
641816,Tyler Mahle,,30,16,16,86.2,2.18,1.13,66,29,346,0,0,5,0.1907514450867052,0.0838150289017341,88.5,8.0,,,,,,
676467,Colton Gordon,,26,20,14,86.0,5.34,1.42,72,19,379,1,0,21,0.18997361477572558,0.05013192612137203,89.0,11.5,,,,,,
656641,Jacob Latz,,29,33,8,85.2,2.84,1.24,76,37,348,1,2,7,0.21839080459770116,0.10632183908045977,90.0,6.4,,,,,,
453286,Max Scherzer,,40,17,17,85.0,5.19,1.29,82,23,358,0,0,19,0.22905027932960895,0.06424581005586592,88.3,12.4,,,,,,
687765,Mitch Spence,,27,32,8,84.2,5.1,1.44,66,26,375,1,4,16,0.176,0.06933333333333333,90.2,11.9,,,,,,
623474,Jimmy Herget,,31,59,0,83.1,2.48,1.18,81,26,347,0,9,6,0.2334293948126801,0.07492795389048991,88.7,7.3,,,,,,
592866,Trevor Williams,,33,17,17,82.2,6.21,1.54,65,21,373,0,0,11,0.1742627345844504,0.05630026809651475,90.0,8.4,,,,,,
678368,Valente Bellozo,,25,32,6,81.1,4.65,1.33,54,23,348,0,1,15,0.15517241379310345,0.06609195402298851,89.7,11.7,,,,,,
688138,Logan Evans,,24,16,15,81.1,4.32,1.39,59,31,350,0,0,13,0.16857142857142857,0.08857142857142856,89.9,10.5,,,,,,
702352,Spencer Bivens,,31,54,0,81.0,4.0,1.33,61,25,343,3,4,6,0.17784256559766765,0.0728862973760933,87.5,7.1,,,,,,
674370,Osvaldo Bido,,29,26,10,79.2,5.87,1.61,68,35,363,1,0,19,0.18732782369146006,0.09641873278236915,90.4,11.8,,,,,,
805673,Zebby Matthews,,25,16,16,79.1,5.56,1.49,88,24,354,0,0,12,0.24858757062146894,0.06779661016949153,89.2,9.9,,,,,,
660825,Eduard Bazardo,,29,73,0,78.2,2.52,1.02,82,27,313,0,12,9,0.26198083067092653,0.08626198083067092,88.5,9.4,,,,,,
663947,Tyler Holton,,29,70,6,78.2,3.66,1.04,64,17,312,0,17,15,0.20512820512820512,0.05448717948717949,87.7,8.2,,,,,,
657376,Clarke Schmidt,,29,14,14,78.2,3.32,1.09,73,30,316,0,0,9,0.2310126582278481,0.0949367088607595,88.1,6.6,,,,,,
676508,Ben Casparius,,26,46,3,77.2,4.64,1.27,71,21,333,2,13,8,0.2132132132132132,0.06306306306306306,87.5,7.1,,,,,,
663969,Tyler Phillips,,27,54,1,77.2,2.78,1.15,52,24,313,4,8,8,0.16613418530351437,0.07667731629392971,89.2,5.1,,,,,,
669920,Jason Alexander,,32,18,13,77.1,4.77,1.37,65,26,336,1,0,15,0.19345238095238096,0.07738095238095238,89.8,8.3,,,,,,
643511,Tyler Rogers,,34,81,0,77.1,1.98,0.94,48,7,299,0,32,4,0.1605351170568562,0.023411371237458192,85.8,2.1,,,,,,
672841,Carlos Vargas,,25,70,0,77.0,3.97,1.35,54,23,331,1,14,10,0.16314199395770393,0.06948640483383686,88.6,4.9,,,,,,
571927,Steven Matz,,34,53,2,76.2,3.05,1.1,59,11,309,2,13,8,0.19093851132686085,0.03559870550161812,88.4,6.3,,,,,,
686701,Ryan Bergert,,25,19,15,76.1,3.66,1.26,73,35,323,0,0,8,0.2260061919504644,0.10835913312693499,90.0,7.0,,,,,,
656288,Griffin Canning,,29,16,16,76.1,3.77,1.38,70,35,328,0,0,8,0.21341463414634146,0.10670731707317073,91.2,9.4,,,,,,
676263,Jack Dreyer,,26,67,5,76.1,2.95,1.05,74,24,307,4,10,4,0.24104234527687296,0.0781758957654723,90.3,5.3,,,,,,
678606,Jose A. Ferrer,,25,72,0,76.1,4.48,1.27,71,16,324,11,21,5,0.2191358024691358,0.04938271604938271,89.1,4.8,,,,,,
670955,Edwin Uceta,,27,70,0,76.0,3.79,1.17,103,27,321,1,21,11,0.32087227414330216,0.08411214953271028,88.6,9.3,,,,,,
641154,Pablo López,,29,14,14,75.2,2.74,1.11,73,20,312,0,0,6,0.23397435897435898,0.0641025641025641,88.7,6.0,,,,,,
685299,Tanner Gordon,,27,15,15,75.1,6.33,1.5,62,17,337,0,0,16,0.18397626112759644,0.050445103857566766,90.1,11.4,,,,,,
682842,Abner Uribe,,25,75,0,75.1,1.67,1.04,90,27,298,7,37,4,0.30201342281879195,0.09060402684563758,86.2,2.9,,,,,,
542888,Shawn Armstrong,,34,71,2,74.0,2.31,0.81,74,20,284,9,12,5,0.2605633802816901,0.07042253521126761,88.0,7.1,,,,,,
670970,Adrian Morejon,,26,75,0,73.2,2.08,0.9,70,17,286,3,20,2,0.24475524475524477,0.05944055944055944,85.9,4.0,,,,,,
663574,Tony Santillan,,28,80,0,73.2,2.44,1.11,75,29,301,7,33,7,0.24916943521594684,0.09634551495016612,91.8,8.4,,,,,,
671922,Cade Smith,,26,76,0,73.2,2.93,1.0,104,19,300,16,19,4,0.3466666666666667,0.06333333333333334,89.2,4.0,,,,,,
650633,Michael King,,30,15,15,73.1,3.44,1.2,76,26,308,0,0,12,0.24675324675324675,0.08441558441558442,87.8,11.4,,,,,,
671131,Jackson Rutledge,,26,63,0,73.1,5.77,1.51,65,24,330,0,3,16,0.19696969696969696,0.07272727272727272,91.0,9.8,,,,,,
686218,Emmet Sheehan,,25,15,12,73.1,2.82,0.97,89,22,291,0,0,7,0.30584192439862545,0.07560137457044673,89.3,10.1,,,,,,
669093,Jeremiah Estrada,,26,77,0,73.0,3.45,1.16,108,27,304,3,30,12,0.35526315789473684,0.08881578947368421,90.1,9.0,,,,,,
678692,Ronny Henriquez,,25,69,0,73.0,2.22,1.1,98,27,303,7,26,8,0.3234323432343234,0.0891089108910891,88.3,10.9,,,,,,
684320,Yariel Rodríguez,,28,66,1,73.0,3.08,1.15,66,34,298,2,14,8,0.2214765100671141,0.11409395973154363,86.4,9.4,,,,,,
693645,Cam Schlittler,,24,14,14,73.0,2.96,1.22,84,31,304,0,0,8,0.27631578947368424,0.10197368421052631,89.0,8.2,,,,,,
641755,Tyler Kinley,,34,73,0,72.2,3.96,1.18,73,33,308,3,14,6,0.237012987012987,0.10714285714285714,87.0,7.0,,,,,,
686973,Louis Varland,,27,74,1,72.2,2.97,1.2,75,22,296,0,22,6,0.2533783783783784,0.07432432432432433,90.2,9.1,,,,,,
506433,Yu Darvish,,38,15,15,72.0,5.38,1.18,68,19,296,0,0,14,0.22972972972972974,0.06418918918918919,87.3,8.9,,,,,,
663485,Cole Sands,,27,69,3,72.0,4.5,1.17,64,19,299,3,13,7,0.2140468227424749,0.06354515050167224,89.4,9.9,,,,,,
676477,Garrett Whitlock,,29,62,0,72.0,2.25,1.08,91,24,293,1,24,2,0.310580204778157,0.08191126279863481,88.5,8.7,,,,,,
595345,Steven Okert,,33,68,1,71.2,3.01,0.89,84,19,276,1,10,6,0.30434782608695654,0.06884057971014493,88.4,7.0,,,,,,
593974,Wandy Peralta,,33,71,1,71.2,3.14,1.34,63,30,313,0,4,5,0.2012779552715655,0.09584664536741214,87.6,6.9,,,,,,
621107,Zach Eflin,,31,14,14,71.1,5.93,1.42,50,13,309,0,0,18,0.16181229773462782,0.042071197411003236,89.6,9.4,,,,,,
650556,Bryan Abreu,,28,70,0,71.0,2.28,1.15,105,31,296,7,25,4,0.3547297297297297,0.10472972972972973,90.6,8.3,,,,,,
669199,Lake Bachar,,30,53,1,71.0,3.93,1.2,75,30,296,3,6,10,0.2533783783783784,0.10135135135135136,90.3,10.6,,,,,,
571948,Hoby Milner,,34,73,0,70.1,3.84,1.27,58,21,293,0,18,5,0.19795221843003413,0.07167235494880546,88.4,9.0,,,,,,
642701,Dennis Santana,,29,70,0,70.1,2.18,0.87,60,17,270,16,13,5,0.2222222222222222,0.06296296296296296,88.9,10.5,,,,,,
661395,Jhoan Duran,,27,72,0,70.0,2.06,1.1,80,19,287,32,1,3,0.2787456445993031,0.06620209059233449,89.4,4.3,,,,,,
681982,Grant Anderson,,28,66,0,69.2,3.23,1.26,74,29,299,0,6,8,0.24749163879598662,0.09698996655518395,88.8,5.2,,,,,,
677952,Braxton Ashcraft,,25,26,8,69.2,2.71,1.25,71,24,292,0,4,3,0.24315068493150685,0.0821917808219178,88.0,4.6,,,,,,
685126,Brandon Eisert,,27,72,3,69.2,4.39,1.44,74,25,306,2,9,12,0.24183006535947713,0.08169934640522876,87.8,9.4,,,,,,
641745,Brad Keller,,29,68,1,69.2,2.07,0.96,75,22,276,3,25,4,0.2717391304347826,0.07971014492753623,86.7,5.8,,,,,,
663158,Robert Suarez,,34,70,0,69.2,2.97,0.9,75,16,269,40,0,6,0.2788104089219331,0.05947955390334572,90.5,9.1,,,,,,
641329,Bryan Baker,,30,73,0,68.2,4.06,1.11,83,17,274,3,19,13,0.3029197080291971,0.06204379562043796,90.6,12.6,,,,,,
681857,Reese Olson,,25,13,13,68.2,3.15,1.21,65,25,285,0,0,5,0.22807017543859648,0.08771929824561403,91.5,7.4,,,,,,
641941,Emilio Pagán,,34,70,0,68.2,2.88,0.92,81,22,270,32,2,10,0.3,0.08148148148148149,88.9,9.1,,,,,,
676684,Will Vest,,30,64,0,68.2,3.01,1.21,75,22,284,23,3,4,0.2640845070422535,0.07746478873239436,88.8,4.3,,,,,,
605130,Scott Barlow,,32,75,1,68.1,4.21,1.39,75,45,303,1,16,8,0.24752475247524752,0.1485148514851485,86.2,7.3,,,,,,
669276,Dylan Lee,,30,74,0,68.1,3.29,0.98,76,14,266,2,19,13,0.2857142857142857,0.05263157894736842,87.6,10.2,,,,,,
663893,Brendon Little,,28,79,0,68.1,3.03,1.36,91,45,295,1,30,2,0.30847457627118646,0.15254237288135594,89.7,6.4,,,,,,
656731,Tylor Megill,,29,14,14,68.1,3.95,1.36,89,33,305,0,0,6,0.29180327868852457,0.10819672131147541,90.3,6.3,,,,,,
656546,Jeff Hoffman,,32,71,0,68.0,4.37,1.19,84,27,287,33,0,15,0.2926829268292683,0.09407665505226481,89.3,12.8,,,,,,
687911,Bryan King,,28,68,0,68.0,2.78,1.04,69,11,275,2,27,10,0.2509090909090909,0.04,88.4,5.8,,,,,,
663738,Daniel Lynch IV,,28,57,2,67.2,3.06,1.36,45,26,289,1,7,8,0.15570934256055363,0.08996539792387544,88.6,8.0,,,,,,
608718,Brent Suter,,35,48,3,67.2,4.52,1.29,53,18,291,0,0,11,0.18213058419243985,0.061855670103092786,85.8,7.8,,,,,,
621383,Tanner Banks,,33,69,1,67.1,3.07,1.01,61,12,267,1,10,9,0.22846441947565543,0.0449438202247191,87.8,7.8,,,,,,
663855,Jordan Hicks,,28,34,9,67.1,6.95,1.66,58,32,314,2,2,6,0.18471337579617833,0.10191082802547771,90.0,4.7,,,,,,
628452,Raisel Iglesias,,35,70,0,67.1,3.21,1.0,73,16,266,29,2,8,0.2744360902255639,0.06015037593984962,89.0,8.6,,,,,,
676130,José Buttó,,27,55,0,67.0,3.9,1.4,58,32,284,1,6,4,0.20422535211267606,0.11267605633802817,90.1,9.4,,,,,,
657612,Tim Hill,,35,70,0,67.0,3.09,1.1,37,16,269,0,15,8,0.137546468401487,0.05947955390334572,90.0,7.9,,,,,,
669711,Greg Weissert,,30,72,0,67.0,2.82,1.16,57,21,278,4,17,6,0.20503597122302158,0.07553956834532374,89.8,7.6,,,,,,
676879,Aaron Ashby,,27,43,1,66.2,2.16,1.17,76,24,270,3,6,3,0.2814814814814815,0.08888888888888889,89.2,3.0,,,,,,
683769,Hunter Gaddis,,27,73,0,66.2,3.11,1.19,73,21,274,3,35,8,0.2664233576642336,0.07664233576642336,90.1,9.5,,,,,,
596001,Jakob Junis,,32,57,0,66.2,2.97,1.23,55,18,274,0,6,5,0.20072992700729927,0.06569343065693431,87.6,6.1,,,,,,
680736,Justin Wrobleski,,24,24,2,66.2,4.32,1.23,76,17,280,2,7,6,0.2714285714285714,0.060714285714285714,92.0,3.8,,,,,,
621242,Edwin Díaz,,31,62,0,66.1,1.63,0.87,98,21,258,28,0,4,0.3798449612403101,0.08139534883720931,88.5,4.6,,,,,,
660853,Enyel De Los Santos,,29,65,0,66.0,4.36,1.29,62,24,280,0,6,7,0.22142857142857142,0.08571428571428572,87.6,8.9,,,,,,
608032,Carlos Estévez,,32,67,0,66.0,2.45,1.06,54,22,269,42,0,5,0.20074349442379183,0.08178438661710037,89.1,10.6,,,,,,
643377,Griffin Jax,,30,73,2,66.0,4.23,1.29,99,21,283,0,28,7,0.3498233215547703,0.07420494699646643,89.2,9.3,,,,,,
657649,Jared Koenig,,31,72,0,66.0,2.86,1.17,68,20,268,2,27,6,0.2537313432835821,0.07462686567164178,88.7,5.1,,,,,,
694819,Jacob Misiorowski,,23,15,14,66.0,4.36,1.24,87,31,273,0,0,8,0.31868131868131866,0.11355311355311355,89.0,7.9,,,,,,
657097,Jacob Webb,,31,55,0,66.0,3.0,1.03,58,19,267,1,7,10,0.21722846441947566,0.07116104868913857,86.6,5.9,,,,,,
806185,Hayden Birdsong,,23,21,10,65.2,4.8,1.49,68,37,298,0,3,10,0.22818791946308725,0.12416107382550336,89.8,9.6,,,,,,
592094,Jason Adam,,33,65,0,65.1,1.93,1.15,70,25,270,0,29,4,0.25925925925925924,0.09259259259259259,88.8,7.0,,,,,,
668933,Graham Ashcraft,,27,62,0,65.1,3.99,1.42,64,25,284,0,23,2,0.22535211267605634,0.0880281690140845,84.8,4.1,,,,,,
666808,Camilo Doval,,27,69,0,65.1,3.58,1.32,72,35,278,16,10,4,0.2589928057553957,0.12589928057553956,88.6,6.0,,,,,,
657571,Caleb Ferguson,,28,70,0,65.1,3.58,1.16,51,22,270,0,14,2,0.18888888888888888,0.08148148148148149,84.8,3.1,,,,,,
663465,Kolby Allard,,27,33,2,65.0,2.63,1.2,42,14,266,0,4,5,0.15789473684210525,0.05263157894736842,88.2,5.7,,,,,,
607455,Anthony Banda,,31,71,1,65.0,3.18,1.22,61,34,268,0,12,8,0.22761194029850745,0.12686567164179105,89.8,8.8,,,,,,
686993,Justin Sterner,,28,59,1,65.0,3.18,1.05,70,21,266,0,16,10,0.2631578947368421,0.07894736842105263,89.8,9.6,,,,,,
663687,Hogan Harris,,28,48,0,64.2,3.2,1.35,65,33,277,4,3,5,0.23465703971119134,0.11913357400722022,88.0,5.6,,,,,,
676974,Max Meyer,,26,12,12,64.2,4.73,1.42,68,20,285,0,0,12,0.23859649122807017,0.07017543859649122,91.9,9.2,,,,,,
596133,Luke Weaver,,31,64,0,64.2,3.62,1.02,72,20,262,8,21,10,0.2748091603053435,0.07633587786259542,90.0,8.3,,,,,,
605540,Brandon Woodruff,,32,12,12,64.2,3.2,0.91,83,14,257,0,0,9,0.3229571984435798,0.054474708171206226,87.9,7.1,,,,,,
672582,Angel Zerpa,,25,69,2,64.2,4.18,1.38,58,22,275,0,14,7,0.2109090909090909,0.08,89.5,8.3,,,,,,
669203,Corbin Burnes,,30,11,11,64.1,2.66,1.17,63,26,265,0,0,7,0.23773584905660378,0.09811320754716982,89.5,8.1,,,,,,
673929,Jordan Leasure,,26,68,1,64.1,3.92,1.23,81,30,269,7,14,12,0.30111524163568776,0.11152416356877323,89.1,10.8,,,,,,
677958,Kumar Rocker,,25,14,14,64.1,5.74,1.46,56,23,287,0,0,11,0.1951219512195122,0.08013937282229965,91.2,11.8,,,,,,
670102,Bowden Francis,,29,14,14,64.0,6.05,1.53,54,27,288,0,0,19,0.1875,0.09375,91.6,12.4,,,,,,
676395,Robert Garcia,,29,71,0,64.0,2.95,1.25,68,22,269,9,15,8,0.2527881040892193,0.08178438661710037,88.6,7.9,,,,,,
670167,John Schreiber,,31,74,0,64.0,3.8,1.19,62,19,265,1,23,10,0.2339622641509434,0.07169811320754717,88.5,9.3,,,,,,
642232,Ryan Yarbrough,,33,19,8,64.0,4.36,1.2,55,19,264,1,0,13,0.20833333333333334,0.07196969696969698,86.1,6.9,,,,,,
672282,Reid Detmers,,25,61,0,63.2,3.96,1.3,80,25,266,3,13,6,0.3007518796992481,0.09398496240601503,90.1,8.2,,,,,,
669211,Keegan Akin,,30,64,3,63.1,3.41,1.37,59,33,268,8,16,10,0.22014925373134328,0.12313432835820895,89.4,9.7,,,,,,
673513,Yuki Matsui,,29,61,0,63.1,3.98,1.36,61,33,272,1,3,10,0.22426470588235295,0.1213235294117647,88.5,9.0,,,,,,
623211,Huascar Brazobán,,35,52,3,63.0,3.57,1.24,57,27,262,2,12,6,0.21755725190839695,0.10305343511450382,87.1,8.0,,,,,,
676428,Brant Hurter,,26,43,4,63.0,2.43,1.33,68,27,277,2,5,4,0.24548736462093862,0.09747292418772563,87.7,3.5,,,,,,
592454,Tommy Kahnle,,35,66,0,63.0,4.43,1.3,50,31,267,9,16,8,0.18726591760299627,0.11610486891385768,88.3,9.2,,,,,,
670280,David Bednar,,30,64,0,62.2,2.3,1.04,86,19,251,27,4,4,0.3426294820717131,0.07569721115537849,89.2,9.0,,,,,,
622554,Seranthony Domínguez,,30,67,0,62.2,3.16,1.28,79,36,261,2,20,5,0.30268199233716475,0.13793103448275862,87.5,6.9,,,,,,
672782,Yoendrys Gómez,,25,21,9,62.2,5.17,1.39,58,27,277,1,0,12,0.20938628158844766,0.09747292418772563,89.4,12.3,,,,,,
662253,Andrés Muñoz,,26,64,0,62.1,1.73,1.03,83,28,254,38,0,2,0.32677165354330706,0.11023622047244094,86.9,6.5,,,,,,
621381,Matt Strahm,,33,66,0,62.1,2.74,1.07,70,20,256,6,22,5,0.2734375,0.078125,89.4,4.3,,,,,,
642100,Gabe Speier,,30,76,0,62.0,2.61,0.87,82,11,243,0,24,5,0.3374485596707819,0.04526748971193416,89.7,9.0,,,,,,
642207,Devin Williams,,30,67,0,62.0,4.79,1.13,90,25,259,18,15,5,0.3474903474903475,0.09652509652509653,89.5,9.3,,,,,,
656271,Brock Burke,,28,69,1,61.2,3.36,1.23,52,18,257,0,15,8,0.20233463035019456,0.07003891050583658,89.0,7.1,,,,,,
695243,Mason Miller,,26,60,0,61.2,2.63,0.91,104,28,234,22,10,5,0.4444444444444444,0.11965811965811966,87.9,9.9,,,,,,
666142,Cole Ragans,,27,13,13,61.2,4.67,1.18,98,20,257,0,0,7,0.38132295719844356,0.07782101167315175,88.4,9.5,,,,,,
547973,Aroldis Chapman,,37,67,0,61.1,1.17,0.7,85,15,228,32,4,3,0.37280701754385964,0.06578947368421052,88.8,5.5,,,,,,
664076,Garrett Cleavinger,,31,67,0,61.1,2.35,0.95,82,18,243,2,21,9,0.3374485596707819,0.07407407407407407,88.8,5.9,,,,,,
668674,Lucas Erceg,,30,61,0,61.1,2.64,1.17,48,18,249,2,22,4,0.1927710843373494,0.07228915662650602,89.1,7.3,,,,,,
664208,Phil Maton,,32,63,0,61.1,2.79,1.06,81,23,248,5,22,3,0.32661290322580644,0.09274193548387097,84.8,3.6,,,,,,
675848,Juan Mejia,,24,55,0,61.1,3.96,1.26,68,25,261,1,12,6,0.26053639846743293,0.09578544061302682,85.8,4.9,,,,,,
605483,Blake Snell,,32,11,11,61.1,2.35,1.26,72,26,254,0,0,3,0.28346456692913385,0.10236220472440945,86.2,5.8,,,,,,
676254,Ryan Walker,,29,68,0,61.1,4.11,1.27,60,18,266,17,9,4,0.22556390977443608,0.06766917293233082,87.0,5.0,,,,,,
690928,Hunter Dobbins,,25,13,11,61.0,4.13,1.28,45,17,256,0,0,6,0.17578125,0.06640625,89.3,6.8,,,,,,
668941,JoJo Romero,,28,65,0,61.0,2.07,1.25,55,29,255,8,24,2,0.21568627450980393,0.11372549019607843,87.3,7.1,,,,,,
640455,Sean Manaea,,33,15,12,60.2,5.64,1.22,75,12,263,0,0,13,0.28517110266159695,0.045627376425855515,89.8,8.9,,,,,,
664126,Pete Fairbanks,,31,61,0,60.1,2.83,1.04,59,18,244,27,0,7,0.24180327868852458,0.07377049180327869,90.2,4.8,,,,,,
676534,Calvin Faucher,,29,65,0,60.1,3.28,1.28,59,24,255,15,7,8,0.23137254901960785,0.09411764705882353,87.7,4.7,,,,,,
606160,Rafael Montero,,34,59,0,60.1,4.48,1.31,58,37,253,0,8,5,0.22924901185770752,0.14624505928853754,88.3,7.0,,,,,,
642397,Gregory Soto,,30,70,0,60.1,4.18,1.43,70,24,279,1,23,4,0.25089605734767023,0.08602150537634409,88.9,4.0,,,,,,
694335,Matt Svanson,,26,39,0,60.1,1.94,0.88,68,20,234,0,5,3,0.2905982905982906,0.08547008547008547,89.1,8.5,,,,,,
669724,Brenan Hanifee,,27,54,0,60.0,3.0,1.32,40,14,260,0,10,3,0.15384615384615385,0.05384615384615385,90.5,6.9,,,,,,
689147,Orion Kerkering,,24,69,0,60.0,3.3,1.37,65,27,266,4,19,6,0.24436090225563908,0.10150375939849623,85.9,6.5,,,,,,
623437,Justin Topa,,34,54,1,60.0,3.9,1.43,49,18,268,4,4,2,0.1828358208955224,0.06716417910447761,89.3,5.6,,,,,,
681911,Alex Vesia,,29,68,0,59.2,3.02,0.99,80,22,237,5,26,9,0.33755274261603374,0.09282700421940929,88.5,10.8,,,,,,
445276,Kenley Jansen,,37,62,0,59.0,2.59,0.95,57,19,234,29,0,8,0.24358974358974358,0.0811965811965812,91.5,8.9,,,,,,
572955,Pierce Johnson,,34,65,0,59.0,3.05,1.2,59,19,238,1,16,8,0.24789915966386555,0.07983193277310924,90.4,8.8,,,,,,
687134,Bradley Blalock,,24,14,12,58.2,9.36,1.84,27,23,275,0,0,17,0.09818181818181818,0.08363636363636363,91.4,12.2,,,,,,
683409,Angel Chivilli,,22,43,0,58.2,7.06,1.69,43,23,275,0,1,13,0.15636363636363637,0.08363636363636363,89.9,9.9,,,,,,
666974,Yennier Cano,,31,65,0,58.0,5.12,1.48,53,24,251,2,17,7,0.21115537848605578,0.09561752988047809,88.1,4.7,,,,,,
621053,Tyler Ferguson,,31,56,0,58.0,4.66,1.33,54,34,246,2,12,4,0.21951219512195122,0.13821138211382114,87.5,6.5,,,,,,
573204,Caleb Thielbar,,38,67,0,58.0,2.64,0.88,56,13,220,1,25,5,0.2545454545454545,0.05909090909090909,87.9,6.6,,,,,,
596295,Austin Gomber,,31,12,12,57.2,7.49,1.72,34,17,272,0,0,16,0.125,0.0625,88.1,14.5,,,,,,
687064,Brandon Young,,26,12,12,57.2,6.24,1.54,47,22,256,0,0,12,0.18359375,0.0859375,89.4,10.2,,,,,,
656222,Jalen Beeks,,31,61,2,57.1,3.77,1.08,47,20,231,1,14,6,0.20346320346320346,0.08658008658008658,88.5,10.5,,,,,,
640448,Kyle Finnegan,,33,56,0,57.0,3.47,1.11,55,18,229,24,3,4,0.24017467248908297,0.07860262008733625,90.4,7.8,,,,,,
661563,Luis Gil,,27,11,11,57.0,3.32,1.4,41,33,244,0,0,5,0.1680327868852459,0.13524590163934427,90.5,8.3,,,,,,
656945,Tanner Scott,,30,61,0,57.0,4.74,1.26,60,18,238,23,8,11,0.25210084033613445,0.07563025210084033,90.8,9.0,,,,,,
693855,Ian Seymour,,26,19,5,57.0,3.63,1.18,64,19,242,0,0,5,0.2644628099173554,0.07851239669421488,88.7,7.1,,,,,,
666171,Ryan Zeferjahn,,27,62,1,57.0,4.74,1.47,73,35,257,2,17,12,0.2840466926070039,0.13618677042801555,88.3,10.3,,,,,,
663941,Tristan Beck,,29,31,1,56.2,4.61,1.11,41,16,232,2,3,7,0.17672413793103448,0.06896551724137931,90.1,8.7,,,,,,
683232,Nick Mears,,28,63,0,56.2,3.49,0.97,46,13,221,1,17,7,0.2081447963800905,0.058823529411764705,90.4,10.6,,,,,,
694462,Hurston Waldrep,,23,10,9,56.1,2.88,1.19,55,22,229,0,0,3,0.24017467248908297,0.09606986899563319,89.1,4.0,,,,,,
664854,Ryan Helsley,,30,58,0,56.0,4.5,1.54,63,25,252,21,1,8,0.25,0.0992063492063492,91.0,7.4,,,,,,
527048,Martín Pérez,,34,11,10,56.0,3.54,1.11,44,22,228,0,0,6,0.19298245614035087,0.09649122807017543,88.2,15.0,,,,,,
592773,Ryne Stanek,,33,65,0,56.0,5.3,1.57,58,32,255,3,11,7,0.22745098039215686,0.12549019607843137,90.3,10.9,,,,,,
656234,Jake Bird,,29,48,0,55.1,5.53,1.54,66,25,248,0,10,7,0.2661290322580645,0.10080645161290322,88.5,8.4,,,,,,
664199,Taylor Clarke,,32,51,0,55.1,3.25,0.85,44,9,206,1,5,8,0.21359223300970873,0.043689320388349516,89.3,7.9,,,,,,
472610,Luis García,,38,58,0,55.1,3.42,1.46,48,26,233,2,12,2,0.20600858369098712,0.11158798283261803,90.8,7.5,,,,,,
657585,Reed Garrett,,32,58,1,55.1,3.9,1.32,64,26,238,3,20,5,0.2689075630252101,0.1092436974789916,88.0,4.8,,,,,,
621121,Lance McCullers Jr.,,31,16,13,55.1,6.51,1.81,61,39,274,0,0,10,0.22262773722627738,0.14233576642335766,90.5,11.4,,,,,,
621051,Steven Wilson,,30,59,0,55.1,3.42,1.3,51,22,241,2,10,7,0.21161825726141079,0.0912863070539419,89.6,5.5,,,,,,
660896,Jorge Alcala,,29,56,0,55.0,6.22,1.75,61,30,257,0,5,13,0.23735408560311283,0.11673151750972763,88.8,10.9,,,,,,
570632,José Ureña,,33,19,6,55.0,4.58,1.45,34,23,245,1,0,8,0.13877551020408163,0.09387755102040816,89.6,13.0,,,,,,
670036,Matt Festa,,32,63,0,54.2,4.12,1.08,56,15,226,0,12,4,0.24778761061946902,0.06637168141592921,87.4,6.0,,,,,,
806188,Cade Gibson,,27,44,1,54.2,2.63,1.19,43,21,230,0,5,3,0.18695652173913044,0.09130434782608696,87.9,5.6,,,,,,
607481,Aaron Bummer,,31,42,2,54.1,3.81,1.25,51,17,235,0,2,3,0.2170212765957447,0.07234042553191489,89.7,3.2,,,,,,
687888,Brandon Walter,,28,9,9,53.2,3.35,0.93,52,4,212,0,0,10,0.24528301886792453,0.018867924528301886,86.2,7.2,,,,,,
701581,David Festa,,25,11,10,53.1,5.4,1.28,53,19,229,0,0,10,0.2314410480349345,0.08296943231441048,90.4,11.8,,,,,,
552640,Andrew Kittredge,,35,54,0,53.0,3.4,0.98,64,11,208,5,15,7,0.3076923076923077,0.052884615384615384,90.7,6.8,,,,,,
689254,Mason Fluharty,,23,55,0,52.2,4.44,1.14,56,24,215,1,6,6,0.26046511627906976,0.11162790697674418,86.6,7.5,,,,,,
623352,Josh Hader,,31,48,0,52.2,2.05,0.85,76,16,206,28,0,8,0.36893203883495146,0.07766990291262135,88.0,8.1,,,,,,
669371,Cole Henry,,25,57,0,52.2,4.27,1.42,52,32,241,2,10,7,0.2157676348547718,0.13278008298755187,88.8,7.5,,,,,,
694037,Daniel Palencia,,25,54,0,52.2,2.91,1.14,61,16,215,22,6,5,0.2837209302325581,0.07441860465116279,90.1,4.4,,,,,,
671212,Joe Boyle,,25,13,9,52.0,4.67,1.37,58,28,226,0,0,6,0.25663716814159293,0.12389380530973451,91.1,10.2,,,,,,
657514,Brennan Bernardino,,33,55,3,51.2,3.14,1.26,43,26,224,1,2,1,0.19196428571428573,0.11607142857142858,87.6,7.3,,,,,,
656457,Tyler Gilbert,,31,46,5,51.0,3.88,1.25,49,24,215,1,5,5,0.22790697674418606,0.11162790697674418,90.0,10.0,,,,,,
592426,Luke Jackson,,33,52,0,51.0,4.06,1.35,38,28,219,9,4,4,0.1735159817351598,0.1278538812785388,90.8,6.7,,,,,,
605452,Joe Ross,,32,37,1,51.0,5.12,1.47,39,18,228,0,1,8,0.17105263157894737,0.07894736842105263,89.3,11.9,,,,,,
668964,Tobias Myers,,26,22,6,50.2,3.55,1.36,38,15,220,0,1,5,0.17272727272727273,0.06818181818181818,90.3,6.7,,,,,,
678495,Randy Rodríguez,,25,50,0,50.2,1.78,0.89,67,11,198,4,13,4,0.3383838383838384,0.05555555555555555,87.0,7.8,,,,,,
573124,Taylor Rogers,,34,57,0,50.2,3.38,1.38,53,23,221,0,10,7,0.2398190045248869,0.10407239819004525,90.1,9.9,,,,,,
656986,Bennett Sousa,,30,44,0,50.2,2.84,1.03,59,15,199,4,7,4,0.2964824120603015,0.07537688442211055,89.1,8.0,,,,,,
680767,Victor Vodnik,,25,52,0,50.2,3.02,1.4,49,26,215,10,7,4,0.22790697674418606,0.12093023255813953,91.0,8.6,,,,,,
669622,Anthony Bender,,30,51,0,50.0,2.16,1.06,42,21,204,4,19,3,0.20588235294117646,0.10294117647058823,89.6,7.2,,,,,,
680755,Braydon Fisher,,24,52,1,50.0,2.7,1.02,62,19,202,0,5,4,0.3069306930693069,0.09405940594059406,88.1,7.6,,,,,,
668984,Casey Legumina,,28,48,1,49.2,5.62,1.45,55,25,219,0,3,7,0.2511415525114155,0.1141552511415525,90.6,8.8,,,,,,
519141,Drew Pomeranz,,36,57,4,49.2,2.17,1.07,57,15,203,1,14,5,0.28078817733990147,0.07389162561576355,90.1,8.7,,,,,,
695549,Jackson Jobe,,22,10,10,49.0,4.22,1.49,39,27,218,0,0,7,0.17889908256880735,0.12385321100917432,89.1,8.7,,,,,,
676917,Cade Cavalli,,26,10,10,48.2,4.25,1.48,40,15,219,0,0,7,0.182648401826484,0.0684931506849315,87.7,4.4,,,,,,
806960,Luis Morales,,22,10,9,48.2,3.14,1.15,43,18,199,0,0,8,0.21608040201005024,0.09045226130653267,89.0,10.9,,,,,,
669854,Ronel Blanco,,31,9,9,48.1,4.1,1.18,48,20,199,0,0,7,0.24120603015075376,0.10050251256281408,85.9,8.4,,,,,,
667463,John King,,30,51,0,48.1,4.66,1.63,28,14,222,0,3,8,0.12612612612612611,0.06306306306306306,89.7,5.0,,,,,,
643410,Mark Leiter Jr.,,34,59,0,48.1,4.84,1.53,54,17,219,2,14,5,0.2465753424657534,0.0776255707762557,87.2,5.6,,,,,,
458677,Justin Wilson,,37,61,0,48.1,3.35,1.41,57,20,207,0,19,3,0.2753623188405797,0.0966183574879227,89.2,7.0,,,,,,
518585,Fernando Cruz,,35,49,0,48.0,3.56,1.19,72,24,200,2,16,5,0.36,0.12,87.5,8.9,,,,,,
690997,Nolan McLean,,23,8,8,48.0,2.06,1.04,57,16,188,0,0,4,0.30319148936170215,0.0851063829787234,89.5,8.0,,,,,,
676617,Riley O'Brien,,30,42,0,48.0,2.06,1.15,45,22,199,6,6,2,0.22613065326633167,0.11055276381909548,85.8,3.2,,,,,,
676755,Isaac Mattson,,29,44,0,47.2,2.45,1.13,45,19,198,0,12,4,0.22727272727272727,0.09595959595959595,89.4,6.1,,,,,,
642152,Lou Trivino,,33,47,2,47.2,3.97,1.34,37,18,207,0,5,6,0.178743961352657,0.08695652173913043,87.1,9.6,,,,,,
666374,Matt Brash,,27,53,0,47.1,2.47,1.25,58,18,199,4,21,4,0.2914572864321608,0.09045226130653267,86.9,5.8,,,,,,
661403,Emmanuel Clase,,27,48,0,47.1,3.23,1.23,47,12,201,24,1,2,0.23383084577114427,0.05970149253731343,88.2,5.1,,,,,,
688158,David Morgan,,25,41,2,47.1,2.66,1.23,50,23,193,0,1,4,0.25906735751295334,0.11917098445595854,91.1,7.6,,,,,,
669060,Bryse Wilson,,27,20,5,47.1,6.65,1.82,28,19,224,0,0,11,0.125,0.08482142857142858,91.3,10.9,,,,,,
641401,Connor Brogdon,,30,43,0,47.0,5.55,1.34,49,18,199,0,4,11,0.24623115577889448,0.09045226130653267,89.1,12.9,,,,,,
656730,Trevor Megill,,31,50,0,47.0,2.49,1.13,60,17,192,30,0,3,0.3125,0.08854166666666667,91.0,7.8,,,,,,
660271,Shohei Ohtani,,30,14,14,47.0,2.87,1.04,62,9,188,0,0,3,0.32978723404255317,0.047872340425531915,86.4,3.4,,,,,,
608650,Dietrich Enns,,34,24,3,46.1,4.08,1.4,49,15,200,2,4,6,0.245,0.075,88.3,4.4,,,,,,
571946,Shelby Miller,,34,48,0,46.0,2.74,1.04,54,15,186,10,9,5,0.2903225806451613,0.08064516129032258,89.3,8.8,,,,,,
682254,Mason Montgomery,,25,57,0,46.0,5.67,1.65,63,27,209,1,10,6,0.3014354066985646,0.1291866028708134,89.3,9.3,,,,,,
672391,Kaleb Ort,,33,49,0,46.0,4.89,1.35,49,27,194,1,3,8,0.25257731958762886,0.13917525773195877,89.3,7.8,,,,,,
471911,Carlos Carrasco,,38,11,9,45.2,7.09,1.71,34,17,212,0,0,10,0.16037735849056603,0.08018867924528301,90.7,10.6,,,,,,
674444,Steven Cruz,,26,47,0,45.2,3.74,1.18,38,18,189,0,9,5,0.20105820105820105,0.09523809523809523,88.8,5.3,,,,,,
675512,Troy Melton,,24,16,4,45.2,2.76,1.01,36,15,180,0,4,7,0.2,0.08333333333333333,90.8,8.6,,,,,,
690916,Richard Fitts,,25,11,10,45.0,5.0,1.31,40,16,195,0,0,11,0.20512820512820512,0.08205128205128205,90.7,12.7,,,,,,
663767,Chase Shugart,,28,35,0,45.0,3.4,1.11,31,17,181,0,5,6,0.1712707182320442,0.09392265193370165,88.0,9.1,,,,,,
669438,Mason Englert,,25,29,0,44.2,3.83,1.21,44,11,185,0,1,4,0.23783783783783785,0.05945945945945946,91.8,9.4,,,,,,
594902,Ben Lively,,33,9,9,44.2,3.22,1.19,29,15,178,0,0,6,0.16292134831460675,0.08426966292134831,92.1,10.4,,,,,,
656240,Scott Blewett,,29,26,2,44.1,5.48,1.42,35,18,194,0,0,9,0.18041237113402062,0.09278350515463918,92.2,11.4,,,,,,
680742,Jonathan Bowlan,,28,34,1,44.1,3.86,1.22,46,17,180,0,2,6,0.25555555555555554,0.09444444444444444,87.3,9.4,,,,,,
700363,AJ Smith-Shawver,,22,9,9,44.1,3.86,1.42,42,21,192,0,0,4,0.21875,0.109375,91.4,12.5,,,,,,
623167,Chris Flexen,,30,21,1,43.2,3.09,1.15,22,12,178,1,0,7,0.12359550561797752,0.06741573033707865,90.9,9.0,,,,,,
643338,Chad Green,,34,45,0,43.2,5.56,1.47,35,13,190,1,7,14,0.18421052631578946,0.06842105263157895,92.3,16.4,,,,,,
656557,Tanner Houck,,29,9,9,43.2,8.04,1.69,32,17,203,0,0,10,0.15763546798029557,0.08374384236453201,91.0,8.1,,,,,,
676961,Caleb Boushley,,31,25,1,43.1,6.02,1.57,41,14,193,1,0,5,0.21243523316062177,0.07253886010362694,90.8,11.8,,,,,,
695505,Chase Burns,,22,13,8,43.1,4.57,1.32,67,16,188,0,1,5,0.35638297872340424,0.0851063829787234,90.2,9.5,,,,,,
672578,Carlos Hernández,,28,41,0,43.1,6.23,1.66,39,22,203,0,1,4,0.1921182266009852,0.10837438423645321,89.7,11.4,,,,,,
543056,Danny Coulombe,,35,55,1,43.0,2.3,1.16,43,18,176,2,9,3,0.24431818181818182,0.10227272727272728,87.5,5.2,,,,,,
700669,Gordon Graceffo,,25,26,0,43.0,6.28,1.47,40,13,193,1,0,2,0.20725388601036268,0.06735751295336788,92.8,7.2,,,,,,
606996,Kyle Hart,,32,20,6,43.0,5.86,1.19,37,13,179,0,2,9,0.20670391061452514,0.07262569832402235,88.5,7.9,,,,,,
650893,Génesis Cabrera,,28,40,0,42.2,6.54,1.5,35,18,187,1,3,12,0.18716577540106952,0.0962566844919786,89.5,11.4,,,,,,
682120,Tim Herrin,,28,54,0,42.2,4.85,1.57,45,30,194,0,15,5,0.23195876288659795,0.15463917525773196,88.3,5.3,,,,,,
605447,Jordan Romano,,32,49,0,42.2,8.23,1.45,47,17,187,8,7,10,0.25133689839572193,0.09090909090909091,88.9,10.0,,,,,,
665660,Elvis Alvarado,,26,37,0,42.1,3.19,1.32,50,22,183,0,4,6,0.273224043715847,0.12021857923497267,89.9,8.3,,,,,,
689017,Landon Knack,,27,10,7,42.1,4.89,1.39,42,19,185,1,0,10,0.22702702702702704,0.10270270270270271,91.6,15.6,,,,,,
455119,Chris Martin,,39,49,0,42.1,2.98,1.2,43,8,174,2,13,6,0.2471264367816092,0.04597701149425287,90.1,9.0,,,,,,
669020,Ryan Rolison,,27,31,1,42.1,7.02,1.77,25,20,193,0,0,11,0.12953367875647667,0.10362694300518134,87.5,9.5,,,,,,
663423,Trent Thornton,,31,33,0,42.1,4.68,1.3,32,14,180,0,5,6,0.17777777777777778,0.07777777777777778,89.4,6.9,,,,,,
679358,Eric Orze,,27,33,0,41.2,3.02,1.37,40,19,178,3,1,4,0.2247191011235955,0.10674157303370786,86.9,7.8,,,,,,
668390,Cole Winn,,25,33,0,41.2,1.51,0.96,35,17,162,0,4,3,0.21604938271604937,0.10493827160493827,91.4,10.4,,,,,,
676661,Max Lazar,,26,36,0,41.1,4.79,1.28,26,12,170,1,1,7,0.15294117647058825,0.07058823529411765,92.6,9.8,,,,,,
519151,Ryan Pressly,,36,44,0,41.1,4.35,1.52,28,17,182,5,7,6,0.15384615384615385,0.09340659340659341,91.2,6.7,,,,,,
657044,Ryan Thompson,,33,48,0,41.1,3.92,1.33,36,13,175,1,17,4,0.2057142857142857,0.07428571428571429,89.9,8.1,,,,,,
489446,Kirby Yates,,38,50,0,41.1,5.23,1.33,52,17,178,3,15,9,0.29213483146067415,0.09550561797752809,88.5,13.0,,,,,,
681892,Kody Funderburk,,28,39,0,41.0,3.51,1.51,40,18,183,1,7,2,0.2185792349726776,0.09836065573770492,90.4,4.9,,,,,,
669456,Shane Bieber,,30,7,7,40.1,3.57,1.02,37,7,159,0,0,8,0.23270440251572327,0.0440251572327044,93.2,12.3,,,,,,
669674,Sam Long,,29,39,0,40.1,5.36,1.74,33,22,189,0,1,7,0.1746031746031746,0.1164021164021164,88.1,8.3,,,,,,
670912,Johan Oviedo,,27,9,9,40.1,3.57,1.21,42,23,170,0,0,6,0.24705882352941178,0.13529411764705881,87.6,6.9,,,,,,
641656,Ian Hamilton,,30,36,1,40.0,4.28,1.25,42,22,166,0,4,5,0.25301204819277107,0.13253012048192772,89.9,10.0,,,,,,
678020,Seth Halvorsen,,25,42,0,39.2,4.99,1.56,36,21,173,11,4,7,0.20809248554913296,0.12138728323699421,89.0,9.5,,,,,,
687330,Kevin Kelly,,27,41,0,39.2,5.9,1.36,35,9,171,0,5,11,0.2046783625730994,0.05263157894736842,91.1,15.7,,,,,,
547184,Michael Kelly,,32,42,0,39.2,3.18,1.29,29,19,166,2,7,5,0.1746987951807229,0.1144578313253012,87.3,10.3,,,,,,
800048,Parker Messick,,24,7,7,39.2,2.72,1.31,38,6,165,0,0,4,0.23030303030303031,0.03636363636363636,88.1,5.8,,,,,,
690953,Mick Abel,,23,10,8,39.0,6.23,1.51,39,16,174,0,0,8,0.22413793103448276,0.09195402298850575,91.3,8.5,,,,,,
621112,Paul Blackburn,,31,15,4,39.0,6.23,1.51,34,12,175,1,0,6,0.19428571428571428,0.06857142857142857,87.1,7.8,,,,,,
573186,Marcus Stroman,,34,9,9,39.0,6.23,1.54,26,16,175,0,0,6,0.14857142857142858,0.09142857142857143,90.8,10.7,,,,,,
543101,Anthony DeSclafani,,35,13,4,38.2,5.12,1.27,36,12,169,2,1,11,0.21301775147928995,0.07100591715976332,89.9,8.6,,,,,,
669084,DL Hall,,26,20,3,38.2,3.49,1.06,27,17,155,0,1,2,0.17419354838709677,0.10967741935483871,88.0,6.3,,,,,,
593423,Frankie Montas,,32,9,7,38.2,6.28,1.6,32,14,178,0,0,8,0.1797752808988764,0.07865168539325842,88.5,11.5,,,,,,
829272,Shinnosuke Ogasawara,,27,23,2,38.2,6.98,1.55,30,17,173,0,1,9,0.17341040462427745,0.09826589595375723,90.8,10.6,,,,,,
678022,Jack Perkins,,25,12,4,38.2,4.19,1.16,37,18,161,3,1,4,0.22981366459627328,0.11180124223602485,85.7,9.6,,,,,,
664192,Joey Lucchesi,,32,38,0,38.1,3.76,1.23,31,12,165,0,6,4,0.18787878787878787,0.07272727272727272,88.0,6.7,,,,,,
677960,Ryan Weathers,,25,8,8,38.1,3.99,1.28,37,12,166,0,0,7,0.22289156626506024,0.07228915662650602,89.6,9.5,,,,,,
693312,Kyle Nicolas,,26,31,0,38.0,4.74,1.37,34,18,167,0,3,3,0.20359281437125748,0.10778443113772455,90.0,7.1,,,,,,
680689,Lyon Richardson,,25,34,0,37.2,4.54,1.54,30,21,172,0,3,2,0.1744186046511628,0.12209302325581395,89.9,5.9,,,,,,
592779,Brock Stewart,,33,43,0,37.2,2.63,1.19,44,13,159,0,16,3,0.27672955974842767,0.08176100628930817,86.5,4.1,,,,,,
695445,Chase Lee,,26,32,0,37.1,4.1,1.1,36,9,148,0,4,7,0.24324324324324326,0.060810810810810814,90.7,13.9,,,,,,
665871,Javier Assad,,27,8,7,37.0,3.65,1.22,23,12,153,0,0,3,0.1503267973856209,0.0784313725490196,88.5,3.5,,,,,,
678226,Daysbel Hernández,,28,39,0,37.0,3.41,1.54,33,30,164,0,10,3,0.20121951219512196,0.18292682926829268,89.4,9.1,,,,,,
664299,Cristian Javier,,28,8,8,37.0,4.62,1.27,34,15,157,0,0,3,0.21656050955414013,0.09554140127388536,88.9,6.5,,,,,,
668820,Max Kranick,,27,24,0,37.0,3.65,1.05,25,5,148,0,5,5,0.16891891891891891,0.033783783783783786,90.2,9.3,,,,,,
595928,John Curtiss,,32,30,0,36.2,3.93,0.93,24,5,141,1,3,5,0.1702127659574468,0.03546099290780142,90.0,8.9,,,,,,
666277,George Soriano,,26,24,0,36.2,8.35,1.77,36,19,173,1,0,10,0.20809248554913296,0.10982658959537572,88.7,14.8,,,,,,
691799,Grant Taylor,,23,36,2,36.2,4.91,1.42,54,15,157,6,9,0,0.34394904458598724,0.09554140127388536,90.5,5.7,,,,,,
808963,Roki Sasaki,,23,10,8,36.1,4.46,1.43,28,22,161,0,2,6,0.17391304347826086,0.13664596273291926,90.6,11.1,,,,,,
663765,Jake Woodford,,28,22,0,36.1,6.44,1.6,23,13,170,3,2,3,0.13529411764705881,0.07647058823529412,86.1,6.9,,,,,,
664062,Tony Gonsolin,,31,7,7,36.0,5.0,1.42,38,18,157,0,0,9,0.24203821656050956,0.11464968152866242,91.2,11.2,,,,,,
693313,Carson Seymour,,26,16,3,36.0,4.75,1.39,26,13,156,0,1,9,0.16666666666666666,0.08333333333333333,91.4,15.5,,,,,,
660787,Yerry De los Santos,,27,25,0,35.2,3.28,1.51,28,17,160,0,4,1,0.175,0.10625,89.0,5.3,,,,,,
690986,Kyle Harrison,,23,11,6,35.2,4.04,1.37,38,14,156,0,1,4,0.24358974358974358,0.08974358974358974,90.7,6.8,,,,,,
681293,Spencer Arrighetti,,25,7,7,35.1,5.35,1.42,31,20,156,0,0,6,0.1987179487179487,0.1282051282051282,89.1,8.8,,,,,,
677161,Zack Kelly,,30,28,0,35.1,4.58,1.33,35,12,152,0,3,3,0.23026315789473684,0.07894736842105263,86.2,4.9,,,,,,
621366,Ryan Borucki,,31,39,0,35.0,4.63,1.29,32,16,145,0,7,4,0.2206896551724138,0.1103448275862069,87.3,8.3,,,,,,
689266,Dylan Dodd,,27,28,0,35.0,3.6,0.94,30,5,136,0,2,5,0.22058823529411764,0.03676470588235294,90.0,8.0,,,,,,
642585,Félix Bautista,,30,35,0,34.2,2.6,1.13,50,23,142,19,0,3,0.352112676056338,0.1619718309859155,87.9,8.7,,,,,,
683627,Anthony Molina,,23,17,1,34.2,7.27,1.67,24,6,160,0,0,12,0.15,0.0375,91.2,11.1,,,,,,
669684,Chris Murphy,,27,23,0,34.2,3.12,1.18,30,20,148,0,2,4,0.20270270270270271,0.13513513513513514,89.1,7.5,,,,,,
641482,Nestor Cortes,,30,8,8,34.1,6.29,1.63,29,20,157,0,0,13,0.18471337579617833,0.12738853503184713,92.5,15.1,,,,,,
820862,José Fermin,,23,40,0,34.1,4.46,1.4,39,23,152,0,6,8,0.2565789473684211,0.1513157894736842,91.4,13.5,,,,,,
670329,Rico Garcia,,31,29,1,34.1,3.15,1.19,38,10,142,0,10,5,0.2676056338028169,0.07042253521126761,86.9,7.4,,,,,,
666661,Juan Morillo,,26,42,0,34.1,4.19,1.69,36,20,152,1,5,2,0.23684210526315788,0.13157894736842105,87.2,5.3,,,,,,
687223,Carson Palmquist,,24,9,7,34.1,8.91,2.04,27,25,175,0,0,10,0.15428571428571428,0.14285714285714285,89.6,14.2,,,,,,
622503,Nabil Crismatt,,30,8,5,34.0,3.71,1.44,25,9,153,0,0,6,0.16339869281045752,0.058823529411764705,87.9,5.1,,,,,,
641672,Thomas Hatch,,30,12,1,34.0,5.82,1.68,22,17,152,0,0,7,0.14473684210526316,0.1118421052631579,87.6,8.0,,,,,,
686580,Justin Slaten,,27,36,0,34.0,4.24,1.09,25,10,137,3,7,3,0.18248175182481752,0.072992700729927,89.1,7.8,,,,,,
701519,Travis Adams,,25,18,2,33.2,7.49,1.66,31,17,158,0,2,6,0.1962025316455696,0.10759493670886076,88.9,12.3,,,,,,
605177,Andrew Chafin,,35,42,0,33.2,2.41,1.43,36,19,143,0,4,2,0.2517482517482518,0.13286713286713286,87.3,3.4,,,,,,
681869,Shawn Dubin,,29,30,0,33.2,5.08,1.43,28,11,145,0,8,6,0.19310344827586207,0.07586206896551724,87.8,4.8,,,,,,
689690,Alek Jacob,,27,29,0,33.1,5.13,1.5,23,14,153,0,3,6,0.1503267973856209,0.0915032679738562,84.1,7.3,,,,,,
670990,Yohan Ramírez,,30,24,0,33.1,5.4,1.47,45,16,155,0,1,4,0.2903225806451613,0.1032258064516129,89.7,13.3,,,,,,
687863,Porter Hodge,,24,36,0,33.0,6.27,1.58,40,18,147,2,8,9,0.272108843537415,0.12244897959183673,89.3,9.0,,,,,,
702674,Caden Dana,,21,7,5,32.1,6.4,1.48,33,18,141,0,0,9,0.23404255319148937,0.1276595744680851,89.1,11.2,,,,,,
680684,Gunnar Hoglund,,25,6,6,32.1,6.4,1.52,23,11,139,0,0,10,0.16546762589928057,0.07913669064748201,92.4,16.2,,,,,,
805123,AJ Blubaugh,,24,11,3,32.0,1.69,0.88,35,11,124,0,0,6,0.28225806451612906,0.08870967741935484,89.9,10.3,,,,,,
680694,Kyle Bradish,,28,6,6,32.0,2.53,1.03,47,10,126,0,0,3,0.373015873015873,0.07936507936507936,89.8,8.8,,,,,,
620454,José Castillo,,29,29,0,32.0,3.94,1.69,30,14,149,0,3,4,0.20134228187919462,0.09395973154362416,89.7,5.9,,,,,,
669713,Hayden Wesneski,,27,6,6,32.0,4.5,1.09,29,6,131,0,0,7,0.22137404580152673,0.04580152671755725,89.7,10.5,,,,,,
667297,Tommy Nance,,34,30,0,31.2,1.99,1.01,32,7,126,0,5,0,0.25396825396825395,0.05555555555555555,89.1,8.1,,,,,,
688642,Zach Agnos,,24,30,0,31.1,6.61,1.53,19,17,138,4,3,5,0.13768115942028986,0.12318840579710146,89.6,12.7,,,,,,
696149,Bubba Chandler,,22,7,4,31.1,4.02,0.93,31,4,124,1,0,2,0.25,0.03225806451612903,90.2,9.3,,,,,,
687830,Sawyer Gipson-Long,,27,8,3,31.1,7.18,1.28,26,6,133,0,2,8,0.19548872180451127,0.045112781954887216,90.5,13.1,,,,,,
663399,Brandon Waddell,,31,11,1,31.1,3.45,1.28,22,11,134,0,1,4,0.16417910447761194,0.08208955223880597,89.7,10.0,,,,,,
592155,Cam Booser,,33,39,0,31.0,5.52,1.52,35,19,143,1,9,8,0.24475524475524477,0.13286713286713286,90.9,13.8,,,,,,
663671,Nic Enright,,28,27,0,31.0,2.03,1.16,30,12,127,1,3,3,0.23622047244094488,0.09448818897637795,87.8,6.0,,,,,,
657424,Matt Gage,,32,33,2,31.0,3.19,1.52,27,12,137,0,2,0,0.19708029197080293,0.08759124087591241,88.3,3.1,,,,,,
681006,Josh Simpson,,27,31,0,30.2,7.34,1.83,36,22,151,0,2,5,0.23841059602649006,0.1456953642384106,90.1,6.7,,,,,,
663372,Ryan Feltner,,28,6,6,30.1,4.75,1.48,25,12,135,0,0,4,0.18518518518518517,0.08888888888888889,90.0,4.1,,,,,,
681676,Ryan Fernandez,,27,32,0,30.1,7.71,1.71,34,16,140,1,4,6,0.24285714285714285,0.11428571428571428,89.5,11.2,,,,,,
655889,Manuel Rodríguez,,28,31,0,30.1,2.08,1.05,25,6,121,0,11,2,0.2066115702479339,0.049586776859504134,87.4,3.4,,,,,,
800049,Adam Mazur,,24,6,6,30.0,4.8,1.5,19,12,139,0,0,4,0.1366906474820144,0.08633093525179857,87.5,8.4,,,,,,
669062,Erik Miller,,27,36,0,30.0,1.5,1.47,22,20,128,0,10,0,0.171875,0.15625,87.8,3.6,,,,,,
701487,Pierson Ohl,,25,14,3,30.0,5.1,1.5,27,7,133,0,2,5,0.20300751879699247,0.05263157894736842,89.3,10.1,,,,,,
642528,Jonathan Loáisiga,,30,30,0,29.2,4.25,1.48,25,10,135,1,7,7,0.18518518518518517,0.07407407407407407,86.6,6.3,,,,,,
669422,Matt Sauer,,26,10,1,29.2,6.37,1.45,24,8,129,1,0,6,0.18604651162790697,0.06201550387596899,90.3,8.4,,,,,,
678906,Kai-Wei Teng,,26,8,7,29.2,6.37,1.55,39,17,139,0,0,2,0.2805755395683453,0.1223021582733813,89.4,3.9,,,,,,
608334,Carson Fulmer,,31,13,0,29.1,5.83,1.23,26,11,123,0,0,5,0.21138211382113822,0.08943089430894309,88.9,11.6,,,,,,
677955,Jaden Hill,,25,28,0,29.1,3.38,1.33,31,12,129,0,3,2,0.24031007751937986,0.09302325581395349,86.4,2.4,,,,,,
681870,Erik Sabrowski,,27,33,0,29.1,1.84,1.19,42,21,121,0,12,2,0.34710743801652894,0.17355371900826447,89.7,3.6,,,,,,
656186,Dan Altavilla,,32,28,0,29.0,2.48,1.17,21,15,120,2,2,4,0.175,0.125,86.3,8.8,,,,,,
685314,Andrew Saalfrank,,27,28,0,29.0,1.24,1.0,19,10,113,3,5,1,0.168141592920354,0.08849557522123894,88.9,7.1,,,,,,
674285,Eduardo Salazar,,27,30,0,29.0,8.38,2.17,23,16,150,0,2,7,0.15333333333333332,0.10666666666666667,89.6,9.1,,,,,,
664141,JT Brubaker,,31,17,1,28.2,3.77,1.22,22,12,117,0,0,0,0.18803418803418803,0.10256410256410256,89.6,6.1,,,,,,
663455,Konnor Pilkington,,27,32,0,28.1,4.45,1.38,34,17,123,0,5,7,0.2764227642276423,0.13821138211382114,90.6,15.7,,,,,,
605463,Tayler Scott,,33,24,0,27.1,7.9,1.9,24,18,134,0,3,6,0.1791044776119403,0.13432835820895522,89.0,11.0,,,,,,
669308,Sean Reynolds,,27,19,1,27.0,5.33,1.37,25,17,117,0,2,4,0.21367521367521367,0.1452991452991453,90.3,11.1,,,,,,
593576,Héctor Neris,,36,35,0,26.2,6.75,1.69,35,16,124,0,7,6,0.28225806451612906,0.12903225806451613,91.4,13.9,,,,,,
595014,Blake Treinen,,37,32,0,26.2,5.4,1.84,36,19,129,2,10,4,0.27906976744186046,0.14728682170542637,86.6,6.9,,,,,,
664991,Grant Wolfram,,28,21,0,26.2,5.4,1.88,31,15,133,0,1,2,0.23308270676691728,0.11278195488721804,87.6,3.5,,,,,,
606303,Joel Payamps,,31,30,0,26.1,6.84,1.52,24,9,117,1,4,4,0.20512820512820512,0.07692307692307693,90.0,17.1,,,,,,
676092,Collin Snider,,29,24,0,26.1,5.47,1.44,24,6,119,0,4,3,0.20168067226890757,0.05042016806722689,90.3,12.6,,,,,,
669704,Kade Strowd,,27,25,0,26.1,1.71,1.1,24,13,105,0,5,1,0.22857142857142856,0.12380952380952381,86.0,1.5,,,,,,
621237,José Alvarado,,30,28,0,26.0,3.81,1.31,32,7,114,7,5,4,0.2807017543859649,0.06140350877192982,92.7,12.2,,,,,,
518489,Ryan Brasier,,37,28,1,26.0,4.5,1.23,20,5,105,0,4,2,0.19047619047619047,0.047619047619047616,88.9,6.3,,,,,,
687362,Connor Gillispie,,27,6,6,26.0,8.65,1.65,23,11,123,0,0,6,0.18699186991869918,0.08943089430894309,91.4,12.5,,,,,,
685326,McCade Brown,,24,7,7,25.2,7.36,1.83,23,17,126,0,0,6,0.18253968253968253,0.1349206349206349,91.7,9.9,,,,,,
656464,Kevin Ginkel,,31,29,0,25.2,7.36,1.64,29,13,121,3,6,2,0.2396694214876033,0.10743801652892562,89.7,10.4,,,,,,
670059,Colin Holderman,,29,24,0,25.2,7.01,1.95,18,16,125,1,2,4,0.144,0.128,89.6,5.6,,,,,,
548384,Brooks Raley,,37,30,0,25.2,2.45,0.78,25,6,99,0,10,0,0.25252525252525254,0.06060606060606061,88.1,0.0,,,,,,
679775,Kyle Backhus,,27,32,0,25.1,4.62,1.42,22,8,115,2,10,3,0.19130434782608696,0.06956521739130435,89.1,4.9,,,,,,
690925,Clayton Beeter,,26,26,0,25.1,4.26,1.22,33,18,104,1,9,3,0.3173076923076923,0.17307692307692307,88.3,9.4,,,,,,
664139,Ian Gibaut,,31,25,0,25.1,4.62,1.34,15,8,109,0,3,3,0.13761467889908258,0.07339449541284404,88.4,10.5,,,,,,
701656,Logan Henderson,,23,5,5,25.1,1.78,0.99,33,8,99,0,0,3,0.3333333333333333,0.08080808080808081,89.5,8.6,,,,,,
683175,Connor Phillips,,24,21,0,25.0,2.88,0.92,32,12,98,0,1,3,0.32653061224489793,0.12244897959183673,92.6,15.4,,,,,,
685107,Anthony Veneziano,,27,26,1,25.0,4.68,1.56,25,11,117,0,4,4,0.21367521367521367,0.09401709401709402,91.3,11.4,,,,,,
621199,Matt Bowman,,34,20,0,24.2,6.2,1.5,18,6,114,0,0,4,0.15789473684210525,0.05263157894736842,88.4,9.1,,,,,,
605347,Jorge López,,32,26,0,24.2,6.57,1.3,17,7,106,1,5,1,0.16037735849056603,0.0660377358490566,91.9,6.3,,,,,,
676571,PJ Poulin,,28,28,0,24.2,3.65,1.46,27,13,110,1,5,2,0.24545454545454545,0.11818181818181818,89.3,4.4,,,,,,
687606,Paxton Schultz,,27,13,2,24.2,4.38,1.42,28,8,110,0,0,4,0.2545454545454545,0.07272727272727272,91.1,11.0,,,,,,
815083,Mitch Farris,,24,5,5,24.1,6.66,1.44,24,11,107,0,0,4,0.22429906542056074,0.102803738317757,90.5,11.3,,,,,,
687922,Easton Lucas,,28,6,5,24.1,6.66,1.52,23,12,108,0,0,5,0.21296296296296297,0.1111111111111111,91.2,11.0,,,,,,
687377,Orlando Ribalta,,27,22,0,24.1,7.03,1.85,25,17,120,0,1,6,0.20833333333333334,0.14166666666666666,85.9,11.7,,,,,,
543859,Michael Tonkin,,35,21,0,24.0,4.88,1.17,19,8,103,0,2,3,0.18446601941747573,0.07766990291262135,91.4,8.5,,,,,,
663795,Justin Hagenman,,28,9,1,23.2,4.56,1.1,23,2,99,1,0,4,0.23232323232323232,0.020202020202020204,92.1,12.3,,,,,,
674841,Andrew Alvarez,,26,5,5,23.1,2.31,1.11,20,10,98,0,0,1,0.20408163265306123,0.10204081632653061,88.2,3.0,,,,,,
605154,John Brebbia,,35,22,0,23.1,7.71,1.71,26,12,115,0,2,5,0.22608695652173913,0.10434782608695652,90.1,9.7,,,,,,
687931,Carson Whisenhunt,,24,5,5,23.1,5.01,1.46,16,12,102,0,0,6,0.1568627450980392,0.11764705882352941,92.4,12.5,,,,,,
694350,Zach Brzykcy,,25,26,0,23.0,9.0,1.74,24,12,110,0,0,6,0.21818181818181817,0.10909090909090909,90.9,8.3,,,,,,
687396,Brent Headrick,,27,17,0,23.0,3.13,1.04,30,7,92,0,1,4,0.32608695652173914,0.07608695652173914,91.1,9.3,,,,,,
680880,Grant Holman,,25,22,2,23.0,5.09,1.52,17,9,103,0,3,3,0.1650485436893204,0.08737864077669903,88.7,11.8,,,,,,
657006,Justin Steele,,29,4,4,22.2,4.76,1.15,21,5,92,0,0,5,0.22826086956521738,0.05434782608695652,92.0,9.2,,,,,,
642121,Cole Sulser,,35,18,0,22.2,1.99,1.19,22,7,90,0,0,1,0.24444444444444444,0.07777777777777778,90.0,1.6,,,,,,
686930,Mason Barnett,,24,5,5,22.1,6.85,1.66,18,11,104,0,0,3,0.17307692307692307,0.10576923076923077,88.5,10.8,,,,,,
666711,Joel Peguero,,28,17,0,22.1,2.42,1.03,17,8,86,0,4,2,0.19767441860465115,0.09302325581395349,89.7,6.6,,,,,,
689225,Beau Brieske,,27,22,1,22.0,6.55,1.64,16,12,103,1,5,5,0.1553398058252427,0.11650485436893204,89.4,8.0,,,,,,
686826,Bryce Jarvis,,27,12,0,22.0,5.73,1.5,21,10,98,1,1,3,0.21428571428571427,0.10204081632653061,91.1,7.6,,,,,,
519326,Hunter Strickland,,36,19,0,22.0,3.27,1.23,14,10,91,1,2,2,0.15384615384615385,0.10989010989010989,89.5,6.0,,,,,,
642239,Rob Zastryzny,,33,26,1,22.0,2.45,1.18,20,10,93,0,2,3,0.21505376344086022,0.10752688172043011,86.0,4.8,,,,,,
672335,Cionel Pérez,,29,19,0,21.2,8.31,2.12,21,18,110,0,0,3,0.19090909090909092,0.16363636363636364,90.6,2.9,,,,,,
669330,Tyler Wells,,30,4,4,21.2,2.91,0.88,18,2,82,0,0,4,0.21951219512195122,0.024390243902439025,90.8,14.5,,,,,,
680735,Austin Cox,,28,13,1,21.1,8.86,1.73,22,7,102,0,2,9,0.21568627450980393,0.06862745098039216,90.3,16.4,,,,,,
554340,Yimi García,,34,22,0,21.0,3.86,1.19,25,12,90,3,6,2,0.2777777777777778,0.13333333333333333,91.1,9.6,,,,,,
701552,Andre Granillo,,25,14,0,21.0,4.71,1.38,18,7,91,1,0,3,0.1978021978021978,0.07692307692307693,87.6,9.2,,,,,,
682825,Luis Mey,,24,23,0,21.0,3.43,1.62,21,17,96,0,4,3,0.21875,0.17708333333333334,89.0,8.8,,,,,,
608717,Chris Stratton,,34,15,0,21.0,7.71,2.0,22,10,104,0,0,4,0.21153846153846154,0.09615384615384616,87.3,9.7,,,,,,
641540,Dane Dunning,,30,12,0,20.2,6.97,1.5,21,7,95,2,0,4,0.22105263157894736,0.07368421052631578,88.3,10.9,,,,,,
688297,Chris Roycroft,,28,20,0,20.2,7.84,1.84,15,12,101,0,2,2,0.1485148514851485,0.1188118811881188,92.1,11.0,,,,,,
687075,Brandon Sproat,,24,4,4,20.2,4.79,1.21,17,7,84,0,0,0,0.20238095238095238,0.08333333333333333,87.9,3.4,,,,,,
696147,Sam Bachman,,25,23,0,20.1,6.2,1.57,18,10,94,0,2,1,0.19148936170212766,0.10638297872340426,88.0,1.5,,,,,,
682790,Wikelman González,,23,16,0,20.1,2.66,1.23,25,12,87,0,1,1,0.28735632183908044,0.13793103448275862,91.3,6.0,,,,,,
682274,Yaramil Hiraldo,,29,18,0,19.2,4.58,1.32,21,9,84,0,2,4,0.25,0.10714285714285714,85.8,7.4,,,,,,
660730,Elvin Rodríguez,,27,7,2,19.2,9.15,1.68,18,7,90,0,0,9,0.2,0.07777777777777778,89.0,20.3,,,,,,
623149,Paul Sewald,,35,22,0,19.2,4.58,1.22,20,6,81,2,4,4,0.24691358024691357,0.07407407407407407,88.6,14.5,,,,,,
813349,Connelly Early,,23,4,4,19.1,2.33,1.09,29,4,79,0,0,0,0.3670886075949367,0.05063291139240506,87.9,4.4,,,,,,
660761,José Suarez,,27,7,1,19.1,1.86,1.29,16,10,81,1,1,1,0.19753086419753085,0.12345679012345678,90.1,7.3,,,,,,
622786,Jesus Tinoco,,30,20,0,19.1,5.12,1.29,10,8,80,4,4,1,0.125,0.1,88.1,1.6,,,,,,
681168,Luis Curvelo,,24,17,0,19.0,5.68,1.42,20,10,84,0,2,3,0.23809523809523808,0.11904761904761904,85.7,9.3,,,,,,
683618,Edgardo Henriquez,,23,22,0,19.0,2.37,1.16,18,5,78,1,5,2,0.23076923076923078,0.0641025641025641,88.2,9.1,,,,,,
678821,Luis Peralta,,24,22,0,19.0,9.47,2.32,16,18,101,0,1,6,0.15841584158415842,0.1782178217821782,93.8,9.2,,,,,,
676702,Hunter Stratton,,28,15,0,19.0,5.21,1.58,16,7,89,1,3,3,0.1797752808988764,0.07865168539325842,89.2,6.3,,,,,,
657240,Julian Merryweather,,33,21,0,18.2,5.79,1.82,15,11,88,0,8,2,0.17045454545454544,0.125,93.4,9.7,,,,,,
804636,Jonah Tong,,22,5,5,18.2,7.71,1.77,22,9,87,0,0,3,0.25287356321839083,0.10344827586206896,89.3,14.3,,,,,,
671109,Jake Eder,,26,8,0,18.1,4.91,1.31,15,9,78,0,0,3,0.19230769230769232,0.11538461538461539,90.4,11.3,,,,,,
594580,Sam Moll,,33,23,0,18.1,6.38,1.42,22,10,81,0,2,4,0.2716049382716049,0.12345679012345678,92.9,8.2,,,,,,
621139,Brooks Kriske,,31,16,0,18.0,7.5,1.94,18,15,88,0,0,1,0.20454545454545456,0.17045454545454544,89.1,5.5,,,,,,
656686,Corbin Martin,,29,17,0,18.0,6.0,1.72,23,9,89,2,1,4,0.25842696629213485,0.10112359550561797,91.6,10.9,,,,,,
656848,Michael Petersen,,31,15,0,18.0,4.0,1.39,17,7,79,0,2,3,0.21518987341772153,0.08860759493670886,92.2,10.9,,,,,,
518397,Scott Alexander,,35,21,0,17.2,6.11,1.81,8,9,81,0,3,5,0.09876543209876543,0.1111111111111111,90.8,14.3,,,,,,
681867,Cooper Criswell,,28,7,1,17.2,3.57,1.58,9,5,80,1,0,3,0.1125,0.0625,86.7,6.1,,,,,,
664747,Alexis Díaz,,28,18,0,17.2,8.15,1.53,17,12,85,0,4,6,0.2,0.1411764705882353,88.3,17.6,,,,,,
608665,Kendall Graveman,,34,19,0,17.2,7.13,1.98,9,12,82,0,1,2,0.10975609756097561,0.14634146341463414,90.3,10.0,,,,,,
687849,Zak Kent,,27,12,0,17.2,4.58,1.42,16,8,76,0,0,1,0.21052631578947367,0.10526315789473684,87.2,0.0,,,,,,
596271,Casey Lawrence,,37,6,0,17.2,4.08,1.53,7,1,80,0,0,2,0.0875,0.0125,89.3,12.7,,,,,,
664875,Justin Lawrence,,30,17,0,17.2,0.51,0.96,23,8,69,0,6,0,0.3333333333333333,0.11594202898550725,86.2,13.9,,,,,,
502085,David Robertson,,40,20,0,17.2,4.08,1.47,22,8,78,2,10,4,0.28205128205128205,0.10256410256410256,88.4,10.4,,,,,,
681895,Evan Sisk,,28,19,0,17.2,3.57,1.47,25,10,80,0,2,1,0.3125,0.125,87.1,4.7,,,,,,
692285,Luis Guerrero,,24,13,0,17.1,4.15,1.33,10,14,72,0,0,0,0.1388888888888889,0.19444444444444445,88.4,6.3,,,,,,
686642,Fraser Ellard,,27,18,3,17.0,4.24,1.59,22,19,74,0,2,1,0.2972972972972973,0.25675675675675674,90.0,6.3,,,,,,
663804,Jackson Kowar,,28,15,0,17.0,4.24,1.24,15,7,71,0,1,4,0.2112676056338028,0.09859154929577464,91.8,10.4,,,,,,
682989,Victor Mederos,,24,5,3,17.0,7.41,1.76,14,12,81,0,0,4,0.1728395061728395,0.14814814814814814,91.0,9.6,,,,,,
668716,Noah Murdock,,26,14,0,17.0,13.24,2.71,21,20,98,0,1,0,0.21428571428571427,0.20408163265306123,88.3,7.3,,,,,,
606965,Chris Devenski,,34,13,1,16.2,2.16,0.9,14,5,65,0,2,1,0.2153846153846154,0.07692307692307693,84.7,11.4,,,,,,
641835,Tim Mayza,,33,15,0,16.2,3.78,1.32,15,5,74,0,0,2,0.20270270270270271,0.06756756756756757,89.5,5.8,,,,,,
664294,Dauri Moreta,,29,18,0,16.2,3.24,1.38,19,7,68,0,2,2,0.27941176470588236,0.10294117647058823,89.6,9.5,,,,,,
688497,Taylor Rashi,,29,10,0,16.1,4.41,1.47,22,8,72,2,0,0,0.3055555555555556,0.1111111111111111,89.3,4.8,,,,,,
614179,José Ruiz,,30,18,0,16.1,8.82,1.96,15,9,79,0,3,3,0.189873417721519,0.11392405063291139,88.0,7.3,,,,,,
680704,Nick Sandlin,,28,19,0,16.1,2.2,1.16,16,8,69,1,5,2,0.2318840579710145,0.11594202898550725,88.2,4.7,,,,,,
801139,Payton Tolle,,22,7,3,16.1,6.06,1.59,19,8,74,0,0,5,0.25675675675675674,0.10810810810810811,88.5,6.4,,,,,,
543518,Scott McGough,,35,13,0,16.0,6.75,1.56,16,7,75,0,0,4,0.21333333333333335,0.09333333333333334,91.4,17.6,,,,,,
519008,T.J. McFarland,,36,27,0,15.2,6.89,1.85,7,3,74,0,7,2,0.0945945945945946,0.04054054054054054,91.9,9.5,,,,,,
694363,Jared Shuster,,26,12,2,15.2,8.04,2.04,12,5,82,0,0,0,0.14634146341463414,0.06097560975609756,84.8,4.8,,,,,,
694361,Will Klein,,25,14,0,15.1,2.35,1.57,21,10,70,0,2,0,0.3,0.14285714285714285,89.0,5.4,,,,,,
679885,Justin Martinez,,23,17,0,15.1,4.11,1.24,22,12,67,5,4,1,0.3283582089552239,0.1791044776119403,80.7,3.3,,,,,,
685801,Hunter Bigge,,27,13,0,15.0,2.4,1.07,12,5,60,0,1,4,0.2,0.08333333333333333,92.8,11.9,,,,,,
663546,Sean Hjelle,,28,12,1,15.0,7.8,2.0,11,9,73,0,0,2,0.1506849315068493,0.1232876712328767,90.6,7.5,,,,,,
663542,Bryan Hudson,,28,16,0,15.0,4.8,1.87,19,13,75,0,2,2,0.25333333333333335,0.17333333333333334,90.8,7.3,,,,,,
686790,Trevor McDonald,,24,3,2,15.0,1.8,1.0,14,2,60,0,0,1,0.23333333333333334,0.03333333333333333,89.3,4.5,,,,,,
694918,Blade Tidwell,,24,4,2,15.0,9.0,2.2,10,10,78,0,0,4,0.1282051282051282,0.1282051282051282,86.8,7.0,,,,,,
623433,Nick Anderson,,34,12,0,14.2,6.14,1.3,10,2,61,0,0,3,0.16393442622950818,0.03278688524590164,87.0,8.2,,,,,,
696270,Ryan Johnson,,22,14,0,14.2,7.36,1.98,16,5,72,1,1,4,0.2222222222222222,0.06944444444444445,86.7,7.8,,,,,,
668834,Easton McGee,,27,9,0,14.2,5.52,1.36,13,5,62,0,0,1,0.20967741935483872,0.08064516129032258,91.5,9.1,,,,,,
663878,Nate Pearson,,28,11,0,14.2,9.2,2.18,7,10,75,0,1,2,0.09333333333333334,0.13333333333333333,91.0,7.0,,,,,,
805299,Brandyn Garcia,,25,14,0,14.1,5.65,1.81,14,8,66,0,2,0,0.21212121212121213,0.12121212121212122,90.9,2.3,,,,,,
691251,Andry Lara,,22,9,0,14.1,8.79,2.44,10,8,78,0,0,2,0.1282051282051282,0.10256410256410256,91.8,8.5,,,,,,
696136,Jordan Wicks,,25,8,0,14.1,6.28,1.74,13,1,67,1,1,2,0.19402985074626866,0.014925373134328358,90.0,5.7,,,,,,
679883,Luinder Avila,,23,13,0,14.0,1.29,0.93,16,6,56,0,0,0,0.2857142857142857,0.10714285714285714,86.9,2.9,,,,,,
592351,Jon Gray,,33,6,0,14.0,7.71,1.5,12,6,63,0,0,5,0.19047619047619047,0.09523809523809523,91.6,17.8,,,,,,
681882,Colin Selby,,27,11,0,14.0,3.21,1.29,14,2,60,0,0,2,0.23333333333333334,0.03333333333333333,90.8,13.6,,,,,,
702056,Trey Yesavage,,21,3,3,14.0,3.21,1.43,16,7,62,0,0,0,0.25806451612903225,0.11290322580645161,94.0,7.7,,,,,,
691951,Sam Aldegheri,,23,4,2,13.2,7.9,2.2,12,10,73,0,0,3,0.1643835616438356,0.136986301369863,89.0,10.6,,,,,,
677865,Justin Bruihl,,28,15,0,13.2,5.27,1.9,18,7,65,0,4,2,0.27692307692307694,0.1076923076923077,87.2,7.7,,,,,,
521230,Liam Hendriks,,36,14,0,13.2,6.59,1.39,12,7,59,0,0,2,0.2033898305084746,0.11864406779661017,92.2,10.3,,,,,,
686228,Juan Burgos,,25,13,0,13.1,6.08,1.88,14,8,65,0,3,2,0.2153846153846154,0.12307692307692308,88.1,14.3,,,,,,
642048,Tayler Saucedo,,32,10,0,13.1,7.43,1.88,12,6,66,0,0,2,0.18181818181818182,0.09090909090909091,91.2,8.5,,,,,,
686730,Carson Spiers,,27,3,2,13.1,6.08,1.5,11,7,60,0,0,3,0.18333333333333332,0.11666666666666667,93.9,12.2,,,,,,
800311,Didier Fuentes,,20,4,4,13.0,13.85,2.23,12,6,69,0,0,6,0.17391304347826086,0.08695652173913043,93.5,14.3,,,,,,
643361,Kevin Herget,,34,7,0,13.0,2.77,1.31,6,5,56,0,0,0,0.10714285714285714,0.08928571428571429,87.2,0.0,,,,,,
642016,Daniel Robert,,30,15,0,13.0,4.15,1.62,15,10,59,0,2,2,0.2542372881355932,0.1694915254237288,88.9,5.9,,,,,,
681916,Dylan Smith,,25,7,0,13.0,1.38,0.85,4,5,48,0,0,0,0.08333333333333333,0.10416666666666667,86.5,8.3,,,,,,
672710,Roansy Contreras,,25,5,0,12.2,5.68,1.11,6,2,51,0,0,3,0.11764705882352941,0.0392156862745098,89.6,11.9,,,,,,
686751,Seth Johnson,,26,10,0,12.2,4.26,1.18,17,4,54,0,0,3,0.3148148148148148,0.07407407407407407,93.1,9.1,,,,,,
682171,Penn Murfee,,31,15,0,12.2,7.82,1.89,13,5,63,0,2,3,0.20634920634920634,0.07936507936507936,89.5,11.4,,,,,,
674384,Eduarniel Núñez,,26,10,0,12.2,7.11,1.89,11,11,60,0,0,2,0.18333333333333332,0.18333333333333332,85.4,5.7,,,,,,
502043,Kyle Gibson,,37,4,4,12.1,16.78,2.92,10,7,73,0,0,7,0.136986301369863,0.0958904109589041,93.8,14.3,,,,,,
608371,Lucas Sims,,31,18,0,12.1,13.86,2.27,13,14,72,0,1,2,0.18055555555555555,0.19444444444444445,86.7,10.5,,,,,,
664351,Luis Contreras,,29,9,0,12.0,6.75,1.58,13,8,54,0,1,2,0.24074074074074073,0.14814814814814814,88.7,6.1,,,,,,
694851,Andrew Hoffmann,,25,11,0,12.0,6.0,2.0,12,10,61,0,3,2,0.19672131147540983,0.16393442622950818,88.7,7.7,,,,,,
518886,Craig Kimbrel,,37,14,0,12.0,2.25,1.42,17,7,49,0,2,2,0.3469387755102041,0.14285714285714285,86.8,8.0,,,,,,
702795,Ryan Loutos,,26,12,0,12.0,12.75,2.33,8,8,68,0,0,4,0.11764705882352941,0.11764705882352941,92.5,10.0,,,,,,
489119,Wade Miley,,38,3,2,12.0,6.75,1.75,7,6,55,0,0,3,0.12727272727272726,0.10909090909090909,92.5,12.5,,,,,,
666215,Forrest Whitley,,27,10,0,12.0,13.5,2.25,12,8,66,0,0,3,0.18181818181818182,0.12121212121212122,93.0,13.3,,,,,,
676604,Tyler Zuber,,30,10,0,12.0,11.25,1.92,14,6,59,0,1,3,0.23728813559322035,0.1016949152542373,88.3,15.4,,,,,,
669620,Brady Basso,,27,11,1,11.2,2.31,1.8,8,9,56,0,2,0,0.14285714285714285,0.16071428571428573,89.8,2.6,,,,,,
699911,Dugan Darnell,,28,9,0,11.2,3.86,1.46,5,7,48,0,0,1,0.10416666666666667,0.14583333333333334,90.1,2.8,,,,,,
663992,Richard Lovelady,,29,10,0,11.2,8.49,1.54,12,6,57,0,2,3,0.21052631578947367,0.10526315789473684,89.9,14.3,,,,,,
681151,Jayden Murray,,28,9,1,11.2,1.54,1.11,8,3,47,0,2,0,0.1702127659574468,0.06382978723404255,89.7,11.1,,,,,,
544150,Albert Suárez,,35,5,1,11.2,2.31,0.94,10,2,44,0,0,0,0.22727272727272727,0.045454545454545456,87.5,3.2,,,,,,
670174,Josh Winckowski,,27,6,0,11.2,3.86,1.37,9,5,52,0,0,0,0.17307692307692307,0.09615384615384616,89.9,13.5,,,,,,
641312,Shaun Anderson,,30,7,0,11.1,10.32,2.03,11,3,56,0,1,6,0.19642857142857142,0.05357142857142857,91.2,16.7,,,,,,
690544,Bailey Horn,,27,10,0,11.1,1.59,1.59,10,7,50,0,0,1,0.2,0.14,90.6,3.0,,,,,,
663562,Noah Davis,,28,9,0,11.0,18.0,2.55,15,6,65,0,0,7,0.23076923076923078,0.09230769230769231,89.2,21.6,,,,,,
683155,Joey Estes,,23,3,2,11.0,9.82,2.0,6,6,55,0,0,4,0.10909090909090909,0.10909090909090909,88.5,11.9,,,,,,
656629,Michael Kopech,,29,14,0,11.0,2.45,1.73,12,13,53,0,6,0,0.22641509433962265,0.24528301886792453,88.7,0.0,,,,,,
666659,Sauryn Lao,,25,8,0,11.0,4.91,1.45,9,2,49,0,0,2,0.1836734693877551,0.04081632653061224,92.9,10.8,,,,,,
621345,A.J. Minter,,31,13,0,11.0,1.64,1.0,14,5,44,0,7,0,0.3181818181818182,0.11363636363636363,89.7,12.0,,,,,,
682610,Roddery Muñoz,,25,9,0,11.0,8.18,1.64,14,9,51,0,0,4,0.27450980392156865,0.17647058823529413,92.7,14.3,,,,,,
541640,Erasmo Ramírez,,35,9,0,11.0,2.45,1.09,5,2,42,1,0,2,0.11904761904761904,0.047619047619047616,85.1,8.6,,,,,,
660604,Alan Rangel,,27,5,0,11.0,2.45,1.45,8,6,46,1,0,1,0.17391304347826086,0.13043478260869565,89.9,15.6,,,,,,
681217,Chase Silseth,,25,10,0,11.0,1.64,1.45,13,6,49,0,1,1,0.2653061224489796,0.12244897959183673,89.4,6.9,,,,,,
641386,Ben Bowden,,30,11,0,10.2,4.22,1.31,7,5,47,0,0,2,0.14893617021276595,0.10638297872340426,90.4,17.1,,,,,,
664123,Scott Effross,,31,11,0,10.2,8.44,1.78,6,3,51,0,0,1,0.11764705882352941,0.058823529411764705,86.4,4.8,,,,,,
640451,Hunter Harvey,,30,12,0,10.2,0.0,0.66,11,1,39,0,5,0,0.28205128205128205,0.02564102564102564,92.4,0.0,,,,,,
663321,Nick Hernandez,,30,10,0,10.2,5.06,1.88,11,8,52,0,0,3,0.21153846153846154,0.15384615384615385,91.0,15.2,,,,,,
676760,Ron Marinaccio,,29,7,0,10.2,0.84,0.94,12,4,42,0,0,0,0.2857142857142857,0.09523809523809523,87.9,7.7,,,,,,
680729,Garrett McDaniels,,25,10,0,10.2,5.91,1.97,6,8,50,0,1,2,0.12,0.16,89.0,11.4,,,,,,
671111,Sammy Peralta,,27,5,0,10.2,7.59,1.88,8,6,52,0,0,0,0.15384615384615385,0.11538461538461539,89.9,2.6,,,,,,
666168,Mason Thompson,,27,14,0,10.2,11.81,2.63,11,12,60,0,0,1,0.18333333333333332,0.2,88.8,8.1,,,,,,
701121,Logan VanWey,,26,9,0,10.2,5.06,1.69,7,3,49,0,0,2,0.14285714285714285,0.061224489795918366,90.3,5.3,,,,,,
678215,Luarbert Arias,,24,7,0,10.1,11.32,2.13,10,5,55,0,0,2,0.18181818181818182,0.09090909090909091,94.4,15.8,,,,,,
674944,Sean Guenther,,29,9,1,10.1,5.23,1.45,8,5,43,0,2,0,0.18604651162790697,0.11627906976744186,90.1,6.7,,,,,,
657756,Connor Seabold,,29,7,0,10.1,4.35,1.74,10,6,48,0,0,1,0.20833333333333334,0.125,90.0,15.6,,,,,,
669721,Davis Daniel,,28,3,2,10.0,5.4,1.6,9,7,46,0,0,1,0.1956521739130435,0.15217391304347827,92.0,13.8,,,,,,
687209,Zach Maxwell,,24,8,0,10.0,4.5,1.4,13,4,43,0,0,3,0.3023255813953488,0.09302325581395349,92.1,7.7,,,,,,
596112,Robert Stephenson,,32,12,0,10.0,2.7,1.0,10,3,42,0,0,1,0.23809523809523808,0.07142857142857142,90.0,3.7,,,,,,
676775,Keaton Winn,,27,7,0,10.0,4.5,1.4,9,2,42,0,0,1,0.21428571428571427,0.047619047619047616,87.4,9.7,,,,,,
690382,Michael Darrell-Hicks,,27,7,0,9.2,7.45,1.45,8,4,43,0,0,1,0.18604651162790697,0.09302325581395349,91.4,16.7,,,,,,
573009,Joe Mantiply,,34,10,0,9.2,15.83,3.0,8,3,58,0,0,5,0.13793103448275862,0.05172413793103448,89.4,10.9,,,,,,
673380,Dedniel Núñez,,29,10,0,9.2,4.66,1.24,11,6,41,0,3,1,0.2682926829268293,0.14634146341463414,91.5,12.5,,,,,,
663432,Tanner Rainey,,32,13,0,9.2,11.17,1.76,11,9,47,0,2,0,0.23404255319148937,0.19148936170212766,90.0,3.8,,,,,,
692230,Carlos Rodriguez,,23,4,0,9.2,6.52,2.28,11,9,50,0,0,1,0.22,0.18,85.6,6.7,,,,,,
666120,Ian Anderson,,27,7,0,9.1,11.57,2.57,8,7,51,0,1,2,0.1568627450980392,0.13725490196078433,88.3,8.3,,,,,,
668970,Gavin Hollowell,,27,7,0,9.1,4.82,1.71,10,7,43,0,0,1,0.23255813953488372,0.16279069767441862,86.5,7.7,,,,,,
665625,Elvis Peguero,,28,8,1,9.1,6.75,1.93,8,6,47,0,1,1,0.1702127659574468,0.1276595744680851,90.1,6.3,,,,,,
621363,Colin Poche,,31,14,0,9.1,12.54,2.79,11,14,52,0,0,1,0.21153846153846154,0.2692307692307692,89.5,11.1,,,,,,
691594,Javier Sanoja,,22,8,0,9.1,16.39,3.11,1,5,54,0,0,4,0.018518518518518517,0.09259259259259259,87.3,8.3,,,,,,
681810,Austin Warren,,29,5,0,9.1,0.96,0.96,9,4,34,0,0,1,0.2647058823529412,0.11764705882352941,89.2,4.8,,,,,,
642216,Allan Winans,,29,3,1,9.1,8.68,1.71,6,3,46,0,0,2,0.13043478260869565,0.06521739130434782,91.4,11.4,,,,,,
448179,Rich Hill,,45,2,2,9.0,5.0,1.89,4,8,43,0,0,2,0.09302325581395349,0.18604651162790697,88.5,6.5,,,,,,
600917,José Leclerc,,31,10,0,9.0,6.0,2.0,8,5,46,0,1,3,0.17391304347826086,0.10869565217391304,88.8,12.1,,,,,,
681799,Ethan Roberts,,27,10,0,9.0,6.0,1.33,6,2,39,0,0,3,0.15384615384615385,0.05128205128205128,85.7,16.7,,,,,,
802419,Thomas Harrington,,23,3,1,8.2,15.58,2.88,7,7,50,1,0,3,0.14,0.14,90.9,11.1,,,,,,
694646,Chayce McDermott,,26,4,1,8.2,15.58,2.77,9,12,51,0,0,3,0.17647058823529413,0.23529411764705882,91.8,17.2,,,,,,
684974,Craig Yoho,,25,8,0,8.2,7.27,1.96,7,9,41,0,0,1,0.17073170731707318,0.21951219512195122,88.7,4.2,,,,,,
801434,Paul Gervase,,25,6,0,8.1,4.32,1.68,8,6,39,0,0,3,0.20512820512820512,0.15384615384615385,91.6,8.0,,,,,,
669947,Jesse Scholtens,,31,2,0,8.1,5.4,1.44,12,3,38,0,0,1,0.3157894736842105,0.07894736842105263,90.4,8.7,,,,,,
687003,Brian Van Belle,,28,4,0,8.1,5.4,1.56,6,0,36,0,0,2,0.16666666666666666,0.0,93.1,3.3,,,,,,
664849,Danny Young,,31,10,0,8.1,4.32,1.44,13,3,37,0,4,0,0.35135135135135137,0.08108108108108109,86.9,0.0,,,,,,
606930,Jacob Barnes,,35,6,0,8.0,9.0,1.63,5,3,36,0,0,1,0.1388888888888889,0.08333333333333333,88.5,10.7,,,,,,
445926,Jesse Chavez,,41,4,0,8.0,9.0,2.38,8,5,43,0,0,4,0.18604651162790697,0.11627906976744186,91.0,16.7,,,,,,
642520,Gerson Garabito,,29,3,0,8.0,9.0,2.0,8,1,41,0,1,1,0.1951219512195122,0.024390243902439025,86.5,6.7,,,,,,
663773,Bryan Hoeing,,28,7,0,8.0,3.38,1.5,5,3,36,0,0,0,0.1388888888888889,0.08333333333333333,89.3,0.0,,,,,,
628317,Kenta Maeda,,37,7,0,8.0,7.88,1.88,8,6,43,0,0,1,0.18604651162790697,0.13953488372093023,91.2,8.0,,,,,,
640462,A.J. Puk,,30,8,0,8.0,3.38,1.25,12,2,35,4,2,2,0.34285714285714286,0.05714285714285714,86.7,5.0,,,,,,
663462,Isaiah Campbell,,27,6,0,7.2,7.04,1.83,3,1,35,0,0,1,0.08571428571428572,0.02857142857142857,87.4,3.3,,,,,,
677651,Luis Garcia,,28,2,2,7.2,3.52,0.52,7,1,28,0,0,2,0.25,0.03571428571428571,85.7,15.8,,,,,,
689520,Cody Laweryson,,27,5,0,7.2,1.17,0.52,7,0,26,0,0,0,0.2692307692307692,0.0,86.7,0.0,,,,,,
697812,Joe Rock,,24,3,0,7.2,2.35,1.17,11,2,35,0,0,1,0.3142857142857143,0.05714285714285714,91.2,5.0,,,,,,
699134,Bradgley Rodriguez,,21,7,0,7.2,1.17,0.91,9,3,31,0,0,0,0.2903225806451613,0.0967741935483871,83.0,0.0,,,,,,
681751,Lazaro Estrada,,26,2,0,7.1,8.59,1.5,10,1,35,0,0,2,0.2857142857142857,0.02857142857142857,89.2,13.6,,,,,,
669212,Eli Morgan,,29,7,0,7.1,12.27,2.05,4,3,35,0,0,3,0.11428571428571428,0.08571428571428572,89.6,14.3,,,,,,
676206,Freddy Tarnok,,26,5,0,7.1,2.45,0.68,10,4,28,1,0,1,0.35714285714285715,0.14285714285714285,89.8,0.0,,,,,,
691172,Yosver Zulueta,,27,7,0,7.1,6.14,1.23,5,4,32,0,0,1,0.15625,0.125,89.8,13.0,,,,,,
622379,Luis F. Castillo,,30,2,2,7.0,7.71,2.71,5,7,41,0,0,0,0.12195121951219512,0.17073170731707318,86.2,3.4,,,,,,
670810,Logan Gillaspie,,28,3,0,7.0,2.57,1.57,4,4,31,0,0,1,0.12903225806451613,0.12903225806451613,92.1,4.5,,,,,,
666619,Gregory Santos,,25,8,0,7.0,5.14,2.29,0,8,36,0,1,0,0.0,0.2222222222222222,89.6,7.1,,,,,,
669391,Owen White,,25,3,0,7.0,9.0,2.43,6,3,35,0,0,1,0.17142857142857143,0.08571428571428572,91.1,3.8,,,,,,
592254,José De León,,32,1,1,6.2,4.05,1.65,8,3,28,0,0,1,0.2857142857142857,0.10714285714285714,82.0,0.0,,,,,,
621057,Justin Garza,,31,5,0,6.2,5.4,1.35,3,1,28,0,0,1,0.10714285714285714,0.03571428571428571,90.2,8.3,,,,,,
674072,Tommy Henry,,27,2,0,6.2,4.05,1.05,8,1,26,0,0,3,0.3076923076923077,0.038461538461538464,94.8,25.0,,,,,,
686747,Joe La Sorsa,,27,5,0,6.2,10.8,2.25,2,2,33,0,0,4,0.06060606060606061,0.06060606060606061,89.5,13.8,,,,,,
661527,Seth Martinez,,30,6,0,6.2,5.4,1.05,4,3,27,0,0,2,0.14814814814814814,0.1111111111111111,92.4,30.0,,,,,,
691441,Cristian Mena,,22,3,0,6.2,1.35,0.9,8,3,26,0,0,1,0.3076923076923077,0.11538461538461539,86.8,6.7,,,,,,
647315,Zach Pop,,28,5,0,6.2,14.85,2.55,3,2,39,0,0,4,0.07692307692307693,0.05128205128205128,93.9,15.2,,,,,,
676742,Cam Sanders,,28,6,0,6.2,8.1,2.1,4,5,34,0,0,2,0.11764705882352941,0.14705882352941177,88.4,12.0,,,,,,
700187,Troy Taylor,,23,8,0,6.2,12.15,2.55,2,3,37,0,0,2,0.05405405405405406,0.08108108108108109,89.1,9.7,,,,,,
554431,Tyler Matzek,,34,7,0,6.1,4.26,2.53,7,5,35,0,0,0,0.2,0.14285714285714285,95.1,17.4,,,,,,
593833,Wander Suero,,33,5,0,6.1,11.37,2.21,7,4,32,0,0,3,0.21875,0.125,86.5,14.3,,,,,,
622253,Dillon Tate,,31,6,0,6.1,4.26,2.21,8,6,34,0,0,1,0.23529411764705882,0.17647058823529413,85.3,10.5,,,,,,
605513,Spencer Turnbull,,32,3,1,6.1,7.11,2.53,4,4,33,0,0,1,0.12121212121212122,0.12121212121212122,89.9,8.0,,,,,,
681146,Jonah Bride,,29,4,0,6.0,15.0,2.83,2,3,37,0,0,1,0.05405405405405406,0.08108108108108109,95.0,3.3,,,,,,
612434,Miguel Castro,,30,6,0,6.0,7.5,1.67,4,5,28,0,1,1,0.14285714285714285,0.17857142857142858,88.3,5.6,,,,,,
605218,Carl Edwards Jr.,,33,4,0,6.0,4.5,1.17,6,3,24,0,0,1,0.25,0.125,85.5,6.7,,,,,,
687424,Anthony Maldonado,,27,6,0,6.0,12.0,2.5,7,5,33,0,0,3,0.21212121212121213,0.15151515151515152,94.9,23.8,,,,,,
695534,Chase Petty,,22,3,2,6.0,19.5,3.67,7,8,40,0,0,3,0.175,0.2,91.2,12.5,,,,,,
663897,Luke Williams,,28,6,0,6.0,3.0,1.17,4,1,25,0,0,1,0.16,0.04,90.4,5.0,,,,,,
669145,Bruce Zimmermann,,30,1,1,6.0,7.5,1.5,1,2,28,0,0,2,0.03571428571428571,0.07142857142857142,90.2,4.0,,,,,,
605182,Mike Clevinger,,34,8,0,5.2,7.94,2.29,3,8,31,0,2,0,0.0967741935483871,0.25806451612903225,91.0,10.0,,,,,,
605242,Michael Fulmer,,32,3,0,5.2,4.76,1.41,3,2,23,0,0,1,0.13043478260869565,0.08695652173913043,89.3,22.2,,,,,,
688107,Robert Gasser,,26,2,2,5.2,3.18,1.59,5,4,29,0,0,1,0.1724137931034483,0.13793103448275862,92.4,11.1,,,,,,
663474,Triston McKenzie,,27,4,0,5.2,11.12,2.47,4,7,30,0,0,1,0.13333333333333333,0.23333333333333334,93.4,21.1,,,,,,
623465,Evan Phillips,,30,7,0,5.2,0.0,1.06,6,2,22,1,2,0,0.2727272727272727,0.09090909090909091,84.6,0.0,,,,,,
670950,Trevor Richards,,32,5,0,5.2,7.94,2.29,5,2,29,0,0,0,0.1724137931034483,0.06896551724137931,85.1,0.0,,,,,,
595897,Nick Burdi,,32,4,0,5.1,0.0,1.31,5,2,21,0,0,0,0.23809523809523808,0.09523809523809523,92.3,0.0,,,,,,
677976,Randy Dobnak,,30,1,0,5.1,1.69,0.75,1,2,19,0,0,1,0.05263157894736842,0.10526315789473684,94.4,6.3,,,,,,
571771,Enrique Hernández,,33,5,0,5.1,15.19,3.56,1,8,37,0,0,1,0.02702702702702703,0.21621621621621623,85.5,10.7,,,,,,
670766,Darren McCaughan,,29,3,0,5.1,1.69,1.13,6,1,23,0,1,0,0.2608695652173913,0.043478260869565216,87.1,6.3,,,,,,
671305,Michel Otañez,,27,6,0,5.1,13.5,2.25,6,5,28,0,1,2,0.21428571428571427,0.17857142857142858,93.8,18.8,,,,,,
657024,Erik Swanson,,31,6,0,5.1,15.19,2.44,3,5,30,0,0,2,0.1,0.16666666666666666,86.1,9.5,,,,,,
671162,Connor Thomas,,27,2,0,5.1,20.25,2.63,5,2,31,0,0,3,0.16129032258064516,0.06451612903225806,93.2,13.0,,,,,,
641343,Jake Bauers,,29,5,0,5.0,3.6,2.2,1,3,29,0,0,0,0.034482758620689655,0.10344827586206896,87.0,8.7,,,,,,
642759,Julian Fernández,,29,4,0,5.0,5.4,1.0,5,2,20,0,1,2,0.25,0.1,92.4,15.4,,,,,,
534910,Jesse Hahn,,35,3,0,5.0,5.4,2.2,3,5,25,0,0,1,0.12,0.2,94.5,6.3,,,,,,
625643,Reynaldo López,,31,1,1,5.0,5.4,2.2,1,2,25,0,0,1,0.04,0.08,90.6,4.5,,,,,,
676272,Bobby Miller,,26,2,1,5.0,12.6,2.6,7,2,28,0,0,2,0.25,0.07142857142857142,91.0,16.7,,,,,,
685068,Carson Ragsdale,,27,2,0,5.0,14.4,2.2,4,1,25,0,0,1,0.16,0.04,91.8,10.0,,,,,,
500743,Miguel Rojas,,36,4,0,5.0,12.6,2.6,0,2,28,0,0,3,0.0,0.07142857142857142,88.7,16.0,,,,,,
677020,Josh Walker,,30,3,0,5.0,7.2,2.0,8,2,25,0,0,0,0.32,0.08,90.7,21.4,,,,,,
692024,Alex Carrillo,,28,3,0,4.2,13.5,1.71,4,2,22,0,0,4,0.18181818181818182,0.09090909090909091,93.2,26.7,,,,,,
687847,Marc Church,,24,5,0,4.2,3.86,2.14,5,6,23,0,1,0,0.21739130434782608,0.2608695652173913,93.4,33.3,,,,,,
676051,Codi Heuer,,28,3,0,4.2,5.79,1.29,5,2,21,0,0,3,0.23809523809523808,0.09523809523809523,92.8,21.4,,,,,,
664948,Anthony Misiewicz,,30,5,0,4.2,9.64,1.93,5,4,23,0,1,2,0.21739130434782608,0.17391304347826086,94.8,21.4,,,,,,
663362,Matt Waldron,,28,1,1,4.2,7.71,2.57,3,6,25,0,0,1,0.12,0.24,90.0,12.5,,,,,,
680702,Joey Gerber,,28,2,0,4.1,2.08,0.69,4,0,15,0,0,1,0.26666666666666666,0.0,86.7,0.0,,,,,,
690829,Ben Joyce,,24,5,0,4.1,6.23,1.38,1,1,20,0,2,1,0.05,0.05,90.8,11.1,,,,,,
676679,Luis Vázquez,,25,4,0,4.1,0.0,0.92,0,1,14,0,0,0,0.0,0.07142857142857142,93.9,7.7,,,,,,
607179,Jordan Weems,,32,4,0,4.1,14.54,2.77,0,3,23,0,0,0,0.0,0.13043478260869565,91.5,5.0,,,,,,
696131,Mason Black,,25,1,0,4.0,6.75,1.25,5,0,19,0,0,2,0.2631578947368421,0.0,88.6,14.3,,,,,,
676680,Tom Cosgrove,,29,2,0,4.0,2.25,1.0,3,1,16,0,0,0,0.1875,0.0625,81.7,0.0,,,,,,
656420,J.P. Feyereisen,,32,4,0,4.0,11.25,3.0,4,1,23,0,0,2,0.17391304347826086,0.043478260869565216,87.7,16.7,,,,,,
641585,J.P. France,,30,2,0,4.0,2.25,1.0,5,2,16,0,0,0,0.3125,0.125,91.7,22.2,,,,,,
683766,Christian Koss,,27,4,0,4.0,0.0,1.0,0,0,16,0,0,0,0.0,0.0,88.9,6.3,,,,,,
663558,Jovani Morán,,28,2,0,4.0,6.75,2.0,5,3,20,0,0,0,0.25,0.15,85.3,0.0,,,,,,
621028,Kevin Newman,,31,2,0,4.0,6.75,1.0,0,0,16,0,0,2,0.0,0.0,89.1,25.0,,,,,,
680951,Doug Nikhazy,,25,2,1,4.0,13.5,2.75,5,6,23,0,0,0,0.21739130434782608,0.2608695652173913,97.0,16.7,,,,,,
691769,Philip Abner,,23,5,0,3.2,4.91,2.18,5,3,18,0,0,0,0.2777777777777778,0.16666666666666666,85.9,10.0,,,,,,
542932,Jon Berti,,35,4,0,3.2,7.36,2.18,0,4,19,0,0,0,0.0,0.21052631578947367,94.9,13.3,,,,,,
678316,Omar Cruz,,26,2,0,3.2,4.91,1.91,5,3,18,0,0,0,0.2777777777777778,0.16666666666666666,98.7,0.0,,,,,,
687287,Patrick Monteverde,,27,1,0,3.2,9.82,2.73,4,1,20,0,0,0,0.2,0.05,88.6,6.7,,,,,,
691548,Rolddy Muñoz,,25,3,0,3.2,12.27,2.45,5,5,21,0,0,1,0.23809523809523808,0.23809523809523808,86.1,11.1,,,,,,
668670,Jake Rogers,,30,4,0,3.2,2.45,1.36,0,0,16,0,0,0,0.0,0.0,89.8,20.0,,,,,,
605507,Zach Thompson,,31,2,0,3.2,0.0,0.27,3,1,12,0,0,0,0.25,0.08333333333333333,79.4,0.0,,,,,,
656257,Jeff Brigham,,33,4,0,3.1,8.1,2.4,3,1,18,0,0,1,0.16666666666666666,0.05555555555555555,91.6,7.1,,,,,,
677649,Ezequiel Duran,,26,4,0,3.1,0.0,0.3,0,0,11,0,0,0,0.0,0.0,79.0,0.0,,,,,,
673965,Caleb Freeman,,27,5,0,3.1,5.4,1.8,3,1,16,0,0,1,0.1875,0.0625,91.0,16.7,,,,,,
664129,Geoff Hartlieb,,31,4,0,3.1,21.6,4.2,5,6,24,0,0,2,0.20833333333333334,0.25,96.7,38.5,,,,,,
623168,Tyler Heineman,,34,3,0,3.1,32.4,4.5,0,0,27,0,0,1,0.0,0.0,94.9,12.0,,,,,,
640454,Matt Krook,,30,3,0,3.1,5.4,1.8,3,1,15,0,0,0,0.2,0.06666666666666667,91.3,9.1,,,,,,
622780,Angel Perdomo,,31,4,0,3.1,5.4,1.5,2,3,16,0,0,0,0.125,0.1875,83.0,10.0,,,,,,
686654,Ty Adcock,,28,3,0,3.0,3.0,1.33,5,2,14,0,0,1,0.35714285714285715,0.14285714285714285,93.1,16.7,,,,,,
682995,Hunter Barco,,24,2,0,3.0,0.0,1.0,3,0,12,0,0,0,0.25,0.0,93.8,11.1,,,,,,
681962,Vinny Capra,,28,3,0,3.0,6.0,1.67,1,0,15,0,0,1,0.06666666666666667,0.0,93.3,28.6,,,,,,
680604,Blas Castaño,,26,1,0,3.0,9.0,2.0,1,2,16,0,0,1,0.0625,0.125,91.4,25.0,,,,,,
675540,Xzavion Curry,,26,3,0,3.0,6.0,2.33,1,3,16,0,0,0,0.0625,0.1875,86.0,8.3,,,,,,
700270,Yilber Díaz,,24,1,0,3.0,9.0,2.33,1,3,15,0,0,0,0.06666666666666667,0.2,98.1,9.1,,,,,,
664744,Jose Espada,,28,1,0,3.0,0.0,0.33,4,0,9,0,0,0,0.4444444444444444,0.0,89.4,0.0,,,,,,
595978,Austin Hedges,,32,3,0,3.0,6.0,2.33,1,1,16,0,0,0,0.0625,0.0625,100.0,7.1,,,,,,
686753,Drey Jameson,,27,3,0,3.0,3.0,2.33,0,3,13,1,0,0,0.0,0.23076923076923078,89.7,0.0,,,,,,
686676,Korey Lee,,26,2,0,3.0,3.0,2.0,0,2,14,0,0,0,0.0,0.14285714285714285,89.7,8.3,,,,,,
669193,Jack Little,,27,2,0,3.0,6.0,1.67,2,1,14,0,0,0,0.14285714285714285,0.07142857142857142,91.1,0.0,,,,,,
676801,Chas McCormick,,30,3,0,3.0,6.0,1.67,1,2,15,0,0,0,0.06666666666666667,0.13333333333333333,87.8,0.0,,,,,,
675650,Michael Mercado,,26,3,0,3.0,15.0,3.67,4,4,20,0,0,1,0.2,0.2,98.7,8.3,,,,,,
687074,Tyler Owens,,24,3,0,3.0,3.0,2.0,1,3,15,0,0,0,0.06666666666666667,0.2,90.6,0.0,,,,,,
640902,Jhonny Pereda,,29,3,0,3.0,21.0,3.67,3,2,20,0,0,1,0.15,0.1,90.3,6.7,,,,,,
685005,Christian Roa,,26,2,0,3.0,0.0,1.33,3,3,12,0,0,0,0.25,0.25,91.5,16.7,,,,,,
805427,Drew Sommers,,24,4,0,3.0,18.0,3.33,3,3,19,0,0,1,0.15789473684210525,0.15789473684210525,89.6,8.3,,,,,,
642215,Weston Wilson,,30,2,0,3.0,0.0,1.0,0,0,12,0,0,0,0.0,0.0,89.3,0.0,,,,,,
691094,Randy Wynne,,32,1,0,3.0,3.0,1.33,3,1,13,1,0,1,0.23076923076923078,0.07692307692307693,93.9,22.2,,,,,,
802686,Hayden Harris,,26,3,0,2.2,3.38,1.88,0,2,12,0,0,0,0.0,0.16666666666666666,89.9,10.0,,,,,,
681432,Luke Little,,24,2,0,2.2,3.38,2.63,4,6,15,0,0,0,0.26666666666666666,0.4,76.4,0.0,,,,,,
801216,Christian Montes De Oca,,25,1,0,2.2,0.0,0.38,2,1,9,0,0,0,0.2222222222222222,0.1111111111111111,78.5,0.0,,,,,,
547001,Cody Poteet,,30,1,0,2.2,16.88,3.0,1,2,16,0,0,0,0.0625,0.125,89.6,7.7,,,,,,
476594,Robert Stock,,35,2,0,2.2,10.13,3.0,1,4,15,0,0,1,0.06666666666666667,0.26666666666666666,94.3,10.0,,,,,,
672724,Oswald Peraza,,25,2,0,2.1,30.86,3.86,0,0,16,0,0,1,0.0,0.0,90.5,6.7,,,,,,
673820,Robinson Piña,,26,2,0,2.1,7.71,2.57,1,1,14,0,0,1,0.07142857142857142,0.07142857142857142,88.0,8.3,,,,,,
624431,Jose Trevino,,32,2,0,2.1,3.86,2.14,1,1,12,0,0,0,0.08333333333333333,0.08333333333333333,94.0,20.0,,,,,,
664353,José Urquidy,,30,2,0,2.1,7.71,3.0,3,3,14,0,1,0,0.21428571428571427,0.21428571428571427,85.5,0.0,,,,,,
571466,Tucker Barnhart,,34,1,0,2.0,13.5,2.5,0,0,11,0,0,0,0.0,0.0,90.4,20.0,,,,,,
675989,Cody Bolton,,27,1,0,2.0,13.5,2.0,1,0,10,0,0,0,0.1,0.0,91.3,11.1,,,,,,
660644,Vidal Bruján,,27,2,0,2.0,13.5,2.5,0,1,11,0,0,1,0.0,0.09090909090909091,92.8,10.0,,,,,,
621114,Ryan Burr,,31,2,0,2.0,0.0,1.0,3,1,8,0,0,0,0.375,0.125,83.7,0.0,,,,,,
680837,Ryan Fitzgerald,,31,2,0,2.0,0.0,1.0,0,0,8,0,0,0,0.0,0.0,88.9,25.0,,,,,,
645444,Jose Herrera,,28,2,0,2.0,4.5,2.0,0,0,10,0,0,0,0.0,0.0,88.2,0.0,,,,,,
664068,Scott Kingery,,31,1,0,2.0,36.0,6.0,1,0,18,0,0,2,0.05555555555555555,0.0,94.4,23.5,,,,,,
680862,Willie MacIver,,28,2,0,2.0,0.0,2.0,0,0,10,0,0,0,0.0,0.0,86.9,0.0,,,,,,
669459,Kyle Nelson,,28,3,0,2.0,9.0,2.5,2,4,11,1,0,1,0.18181818181818182,0.36363636363636365,86.7,20.0,,,,,,
687166,Austin Pope,,26,1,0,2.0,0.0,1.5,1,1,9,0,0,0,0.1111111111111111,0.1111111111111111,92.9,0.0,,,,,,
675919,Nick Raquet,,29,2,0,2.0,0.0,0.5,1,1,7,0,0,0,0.14285714285714285,0.14285714285714285,85.0,0.0,,,,,,
607732,Jacob Stallings,,35,1,0,2.0,4.5,1.0,1,0,8,0,0,0,0.125,0.0,87.0,14.3,,,,,,
642133,Rowdy Tellez,,30,1,0,2.0,13.5,2.5,0,0,11,0,0,1,0.0,0.0,90.0,10.0,,,,,,
657053,Touki Toussaint,,29,1,0,2.0,9.0,2.5,3,1,11,0,0,0,0.2727272727272727,0.09090909090909091,89.6,14.3,,,,,,
669717,Will Wilson,,26,1,0,2.0,9.0,1.0,0,0,8,0,0,1,0.0,0.0,97.7,37.5,,,,,,
676969,Brett de Geus,,27,1,0,2.0,4.5,2.0,0,3,10,0,0,0,0.0,0.3,87.9,0.0,,,,,,
692030,Jose Corniell,,22,1,0,1.2,16.2,2.4,1,1,9,0,0,1,0.1111111111111111,0.1111111111111111,97.2,14.3,,,,,,
694359,Niko Kavadas,,26,1,0,1.2,0.0,2.4,1,1,9,0,0,0,0.1111111111111111,0.1111111111111111,91.4,0.0,,,,,,
543391,Casey Kelly,,35,2,0,1.2,0.0,1.2,0,1,6,0,0,0,0.0,0.16666666666666666,89.4,0.0,,,,,,
621512,Tomás Nido,,31,1,0,1.2,0.0,0.0,0,0,6,0,0,0,0.0,0.0,87.2,0.0,,,,,,
493603,Adam Ottavino,,39,3,0,1.2,0.0,2.4,3,4,9,0,0,0,0.3333333333333333,0.4444444444444444,72.8,0.0,,,,,,
665665,Reiver Sanmartin,,29,1,0,1.2,0.0,1.8,2,1,8,0,0,0,0.25,0.125,88.4,20.0,,,,,,
646242,Jhonathan Díaz,,28,1,0,1.1,0.0,0.75,1,0,5,0,0,0,0.2,0.0,84.5,0.0,,,,,,
650671,José Quijada,,29,2,0,1.1,0.0,2.25,3,2,8,0,1,0,0.375,0.25,95.9,0.0,,,,,,
680701,John Rooney,,28,1,0,1.1,6.75,1.5,2,1,6,0,0,1,0.3333333333333333,0.16666666666666666,77.0,33.3,,,,,,
689958,Andrew Walters,,24,2,0,1.1,13.5,1.5,2,0,6,0,0,1,0.3333333333333333,0.0,93.0,25.0,,,,,,
670183,Garrett Acton,,27,1,0,1.0,0.0,2.0,0,2,5,0,0,0,0.0,0.4,93.4,0.0,,,,,,
676070,Jacob Amaya,,26,1,0,1.0,0.0,0.0,0,0,3,0,0,0,0.0,0.0,80.5,0.0,,,,,,
676475,Alec Burleson,,26,1,0,1.0,0.0,1.0,0,0,4,0,0,0,0.0,0.0,91.9,0.0,,,,,,
676609,José Caballero,,28,1,0,1.0,54.0,6.0,0,1,9,0,0,2,0.0,0.1111111111111111,95.6,37.5,,,,,,
650489,Willi Castro,,28,1,0,1.0,0.0,1.0,0,0,4,0,0,0,0.0,0.0,87.4,0.0,,,,,,
665019,Kody Clemens,,29,1,0,1.0,18.0,3.0,0,0,6,0,0,2,0.0,0.0,92.7,50.0,,,,,,
669722,Logan Davidson,,27,1,0,1.0,0.0,0.0,1,0,3,0,0,0,0.3333333333333333,0.0,85.6,0.0,,,,,,
681987,Nate Eaton,,28,1,0,1.0,0.0,2.0,0,0,4,0,0,0,0.0,0.0,102.8,0.0,,,,,,
571657,Kyle Farmer,,34,1,0,1.0,9.0,3.0,0,0,5,0,0,1,0.0,0.0,95.3,20.0,,,,,,
656458,Lucas Gilbreath,,29,1,0,1.0,9.0,1.0,2,0,4,0,0,1,0.5,0.0,95.0,50.0,,,,,,
687589,Dom Hamel,,26,1,0,1.0,0.0,3.0,0,0,6,0,0,0,0.0,0.0,91.9,0.0,,,,,,
641658,Garrett Hampson,,30,1,0,1.0,0.0,0.0,0,0,3,0,0,0,0.0,0.0,89.0,0.0,,,,,,
676510,Nolan Hoffman,,27,1,0,1.0,27.0,4.0,2,1,7,0,0,0,0.2857142857142857,0.14285714285714285,87.3,0.0,,,,,,
669450,Cooper Hummel,,30,1,0,1.0,36.0,5.0,0,0,9,0,0,1,0.0,0.0,98.7,25.0,,,,,,
656577,Alex Jackson,,29,1,0,1.0,27.0,5.0,0,2,8,0,0,0,0.0,0.25,87.6,0.0,,,,,,
608671,Travis Jankowski,,34,1,0,1.0,18.0,3.0,0,1,6,0,0,0,0.0,0.16666666666666666,92.1,0.0,,,,,,
656638,Alex Lange,,29,1,0,1.0,0.0,3.0,1,1,6,0,0,0,0.16666666666666666,0.16666666666666666,96.4,0.0,,,,,,
571912,Luke Maile,,34,1,0,1.0,0.0,1.0,0,1,4,0,0,0,0.0,0.25,86.3,0.0,,,,,,
670156,Miles Mastrobuoni,,29,1,0,1.0,0.0,3.0,0,2,6,0,0,0,0.0,0.3333333333333333,76.5,0.0,,,,,,
622761,Jorge Mateo,,30,1,0,1.0,45.0,7.0,0,2,11,0,0,1,0.0,0.18181818181818182,92.6,12.5,,,,,,
624512,Reese McGuire,,30,1,0,1.0,9.0,3.0,0,1,6,0,0,1,0.0,0.16666666666666666,93.9,0.0,,,,,,
543592,Austin Nola,,35,1,0,1.0,72.0,8.0,0,0,11,0,0,2,0.0,0.0,94.9,27.3,,,,,,
669449,Jake Palisch,,26,1,0,1.0,18.0,3.0,0,0,6,0,0,0,0.0,0.0,90.6,16.7,,,,,,
682515,Logan Porter,,29,1,0,1.0,9.0,2.0,0,0,5,0,0,1,0.0,0.0,96.5,20.0,,,,,,
622569,Pablo Reyes,,31,1,0,1.0,27.0,5.0,0,0,8,0,0,1,0.0,0.0,94.3,12.5,,,,,,
660844,Leo Rivas,,27,1,0,1.0,0.0,4.0,0,1,6,0,0,0,0.0,0.16666666666666666,93.8,0.0,,,,,,
656896,Emmanuel Rivera,,29,1,0,1.0,72.0,10.0,0,2,13,0,0,1,0.0,0.15384615384615385,94.6,27.3,,,,,,
642708,Amed Rosario,,29,1,0,1.0,36.0,7.0,0,2,10,0,0,1,0.0,0.2,94.8,12.5,,,,,,
663967,César Salazar,,29,1,0,1.0,0.0,0.0,0,0,4,0,0,0,0.0,0.0,90.1,0.0,,,,,,
678011,Anthony Seigler,,26,1,0,1.0,0.0,1.0,0,0,4,0,0,0,0.0,0.0,85.7,0.0,,,,,,
683021,Michael Stefanic,,29,1,0,1.0,0.0,0.0,0,0,3,0,0,0,0.0,0.0,88.8,0.0,,,,,,
645305,Ali Sánchez,,28,1,0,1.0,18.0,3.0,1,0,6,0,0,0,0.16666666666666666,0.0,95.8,20.0,,,,,,
596142,Gary Sánchez,,32,1,0,1.0,36.0,3.0,0,1,7,0,0,1,0.0,0.14285714285714285,93.9,20.0,,,,,,
647351,Abraham Toro,,28,1,0,1.0,18.0,5.0,0,1,8,0,0,0,0.0,0.125,91.3,0.0,,,,,,
676701,Alan Trejo,,29,1,0,1.0,0.0,1.0,0,0,3,0,0,0,0.0,0.0,101.8,0.0,,,,,,
669707,Jared Triolo,,27,1,0,1.0,0.0,4.0,0,1,8,0,0,1,0.0,0.125,83.5,28.6,,,,,,
642180,Tyler Wade,,30,1,0,1.0,9.0,3.0,0,1,6,0,0,0,0.0,0.16666666666666666,92.1,0.0,,,,,,
677961,Cole Wilcox,,25,1,0,1.0,27.0,7.0,1,3,12,0,0,0,0.08333333333333333,0.25,90.4,0.0,,,,,,
686249,Nathan Wiles,,26,1,0,1.0,27.0,4.0,1,0,7,0,0,0,0.14285714285714285,0.0,97.9,0.0,,,,,,
573262,Mike Yastrzemski,,34,1,0,1.0,18.0,3.0,0,1,7,0,0,0,0.0,0.14285714285714285,92.7,20.0,,,,,,
643396,Isiah Kiner-Falefa,,30,1,0,0.2,0.0,0.0,0,0,2,0,0,0,0.0,0.0,84.7,0.0,,,,,,
702752,Jonathan Pintaro,,27,1,0,0.2,27.0,6.0,1,2,6,0,0,0,0.16666666666666666,0.3333333333333333,97.4,0.0,,,,,,
682144,Jayvien Sandridge,,26,1,0,0.2,27.0,4.5,2,2,6,0,0,1,0.3333333333333333,0.3333333333333333,107.5,100.0,,,,,,
596103,Austin Slater,,32,1,0,0.2,0.0,1.5,0,0,3,0,0,0,0.0,0.0,86.5,0.0,,,,,,
620443,Luis Torrens,,29,2,0,0.2,54.0,9.0,0,1,8,0,0,2,0.0,0.125,94.7,28.6,,,,,,
679922,Carlos Duran,,23,1,0,0.1,81.0,12.0,0,3,5,0,0,0,0.0,0.6,77.3,0.0,,,,,,
670032,Nicky Lopez,,30,1,0,0.1,0.0,3.0,0,1,2,0,0,0,0.0,0.5,89.4,0.0,,,,,,
656716,Zach McKinstry,,30,1,0,0.1,0.0,0.0,0,0,1,0,0,0,0.0,0.0,76.0,0.0,,,,,,
676724,Jared Young,,29,1,0,0.1,0.0,6.0,0,1,3,0,0,0,0.0,0.3333333333333333,95.3,0.0,,,,,,
